ctime,schemaname,relname,seq_scan,seq_tup_read,idx_scan,idx_tup_fetch,n_tup_ins,n_tup_upd,n_tup_del,n_tup_hot_upd,n_live_tup,n_dead_tup,heap_blks_read,heap_blks_hit,idx_blks_read,idx_blks_hit,toast_blks_read,toast_blks_hit,tidx_blks_read,tidx_blks_hit
1416329007.03896,pg_catalog,pg_attrdef,0,0,0,0,0,0,0,0,0,0,0,0,0,0,0,0,0,0
1416329007.03896,pg_catalog,pg_db_role_setting,0,0,10212,0,0,0,0,0,0,0,0,0,27,10185,0,0,0,0
1416329007.03896,pg_catalog,pg_rowsecurity,0,0,0,0,0,0,0,0,0,0,0,0,0,0,,,,
1416329007.03896,pg_catalog,pg_description,0,0,358,0,0,0,0,0,0,0,0,0,93,700,0,0,0,0
1416329007.03896,public,time_statistics,0,0,,,1,0,0,0,1,0,1,0,,,,,,
1416329007.03896,pg_catalog,pg_foreign_data_wrapper,0,0,0,0,0,0,0,0,0,0,0,0,0,0,,,,
1416329007.03896,pg_catalog,pg_conversion,0,0,0,0,0,0,0,0,0,0,0,0,0,0,,,,
1416329007.03896,pg_catalog,pg_class,1244,279302,53717,48888,124,38,152,36,309,107,622,62824,500,112569,,,,
1416329007.03896,pg_catalog,pg_opfamily,0,0,0,0,0,0,0,0,0,0,0,0,0,0,,,,
1416329007.03896,public,region,0,0,,,5,0,0,0,5,0,1,0,,,,,,
1416329007.03896,pg_catalog,pg_auth_members,0,0,0,0,0,0,0,0,0,0,0,0,0,0,,,,
1416329007.03896,pg_catalog,pg_operator,0,0,16949,89444,0,0,0,0,0,0,462,61837,413,36722,,,,
1416329007.03896,pg_toast,pg_toast_12345,0,0,0,0,0,0,0,0,0,0,0,0,0,0,,,,
1416329007.03896,pg_catalog,pg_attribute,220,1500,44559,101865,540,10,584,10,2470,415,1720,50159,409,93560,,,,
1416329007.03896,pg_catalog,pg_tablespace,0,0,1554,1554,0,0,0,0,0,0,49,1505,101,3013,,,,
1416329007.03896,pg_catalog,pg_statistic,0,0,12287,11915,85,222,151,197,0,203,1373,11131,150,26241,3026,11580,123,10348
1416329007.03896,pg_catalog,pg_aggregate,0,0,1183,1183,0,0,0,0,0,0,93,1090,211,1848,,,,
1416329007.03896,pg_catalog,pg_inherits,0,0,77,0,0,0,0,0,0,0,0,0,33,44,,,,
1416329007.03896,pg_catalog,pg_enum,0,0,0,0,0,0,0,0,0,0,0,0,0,0,,,,
1416329007.03896,pg_toast,pg_toast_2396,0,0,0,0,0,0,0,0,0,0,0,0,0,0,,,,
1416329007.03896,pg_catalog,pg_pltemplate,0,0,0,0,0,0,0,0,0,0,0,0,0,0,,,,
1416329007.03896,pg_toast,pg_toast_2618,0,0,203,648,0,0,0,0,0,0,124,126,36,292,,,,
1416329007.03896,public,customer,0,0,,,0,0,0,0,0,0,0,0,,,,,,
1416329007.03896,pg_toast,pg_toast_3596,0,0,0,0,0,0,0,0,0,0,0,0,0,0,,,,
1416329007.03896,pg_toast,pg_toast_2606,0,0,0,0,0,0,0,0,0,0,0,0,0,0,,,,
1416329007.03896,pg_toast,pg_toast_2964,0,0,0,0,0,0,0,0,0,0,0,0,0,0,,,,
1416329007.03896,pg_toast,pg_toast_12330,0,0,0,0,0,0,0,0,0,0,0,0,0,0,,,,
1416329007.03896,pg_catalog,pg_database,437,1712,8442,8442,0,0,0,0,0,0,19,8860,123,13419,,,,
1416329007.03896,information_schema,sql_sizing_profiles,0,0,,,0,0,0,0,0,0,0,0,,,0,0,0,0
1416329007.03896,pg_toast,pg_toast_2620,0,0,0,0,0,0,0,0,0,0,0,0,0,0,,,,
1416329007.03896,pg_catalog,pg_depend,0,0,3147,3400,537,0,598,0,6624,909,504,4026,745,8018,,,,
1416329007.03896,pg_catalog,pg_language,0,0,0,0,0,0,0,0,0,0,0,0,0,0,,,,
1416329007.03896,public,part,0,0,,,0,0,0,0,0,0,0,0,,,,,,
1416329007.03896,pg_toast,pg_toast_12320,0,0,0,0,0,0,0,0,0,0,0,0,0,0,,,,
1416329007.03896,pg_catalog,pg_amproc,40,80,9786,15457,0,0,0,0,0,0,60,9628,89,21876,,,,
1416329007.03896,pg_catalog,pg_collation,0,0,0,0,0,0,0,0,0,0,0,0,0,0,,,,
1416329007.03896,public,nation,0,0,,,25,0,0,0,25,0,1,0,,,,,,
1416329007.03896,pg_catalog,pg_range,0,0,533,0,0,0,0,0,0,0,0,0,204,862,,,,
1416329007.03896,pg_toast,pg_toast_2609,0,0,0,0,0,0,0,0,0,0,0,0,0,0,,,,
1416329007.03896,pg_catalog,pg_opclass,40,40,13424,149137,0,0,0,0,0,0,93,59359,207,16526,,,,
1416329007.03896,information_schema,sql_packages,0,0,,,0,0,0,0,0,0,0,0,,,0,0,0,0
1416329007.03896,pg_catalog,pg_rewrite,0,0,509,395,38,0,38,0,111,8,296,475,124,744,124,126,72,584
1416329007.03896,pg_toast,pg_toast_1255,0,0,0,0,0,0,0,0,0,0,0,0,0,0,,,,
1416329007.03896,pg_catalog,pg_seclabel,0,0,358,0,0,0,0,0,0,0,0,0,30,328,0,0,0,0
1416329007.03896,pg_toast,pg_toast_12335,0,0,0,0,0,0,0,0,0,0,0,0,0,0,,,,
1416329007.03896,pg_catalog,pg_ts_parser,0,0,0,0,0,0,0,0,0,0,0,0,0,0,,,,
1416329007.03896,pg_catalog,pg_trigger,0,0,0,0,0,0,0,0,0,0,0,0,0,0,0,0,0,0
1416329007.03896,public,orders,0,0,,,0,0,0,0,0,0,0,0,,,,,,
1416329007.03896,pg_toast,pg_toast_12340,0,0,0,0,0,0,0,0,0,0,0,0,0,0,,,,
1416329007.03896,pg_catalog,pg_shseclabel,0,0,0,0,0,0,0,0,0,0,0,0,0,0,,,,
1416329007.03896,pg_catalog,pg_event_trigger,0,0,125,0,0,0,0,0,0,0,0,0,35,90,,,,
1416329007.03896,information_schema,sql_features,0,0,,,0,0,0,0,0,0,0,0,,,0,0,0,0
1416329007.03896,information_schema,sql_languages,0,0,,,0,0,0,0,0,0,0,0,,,0,0,0,0
1416329007.03896,pg_catalog,pg_foreign_table,0,0,0,0,0,0,0,0,0,0,0,0,0,0,,,,
1416329007.03896,public,supplier,0,0,,,0,0,0,0,0,0,0,0,,,,,,
1416329007.03896,pg_catalog,pg_extension,0,0,0,0,0,0,0,0,0,0,0,0,0,0,,,,
1416329007.03896,pg_catalog,pg_ts_config,0,0,0,0,0,0,0,0,0,0,0,0,0,0,,,,
1416329007.03896,pg_catalog,pg_shdescription,0,0,0,0,0,0,0,0,0,0,0,0,0,0,0,0,0,0
1416329007.03896,pg_catalog,pg_cast,0,0,73827,17461,0,0,0,0,0,0,94,17367,60,75868,,,,
1416329007.03896,pg_catalog,pg_amop,0,0,19746,28793,0,0,0,0,0,0,134,28659,323,41746,,,,
1416329007.03896,pg_catalog,pg_user_mapping,0,0,0,0,0,0,0,0,0,0,0,0,0,0,,,,
1416329007.03896,public,lineitem,0,0,,,0,0,0,0,0,0,0,0,,,,,,
1416329007.03896,pg_toast,pg_toast_12315,0,0,0,0,0,0,0,0,0,0,0,0,0,0,,,,
1416329007.03896,pg_catalog,pg_type,0,0,52286,51730,152,0,152,0,360,91,360,52040,539,107514,,,,
1416329007.03896,pg_catalog,pg_largeobject,0,0,0,0,0,0,0,0,0,0,0,0,0,0,,,,
1416329007.03896,information_schema,sql_parts,0,0,,,0,0,0,0,0,0,0,0,,,0,0,0,0
1416329007.03896,pg_catalog,pg_ts_config_map,0,0,0,0,0,0,0,0,0,0,0,0,0,0,,,,
1416329007.03896,pg_catalog,pg_largeobject_metadata,0,0,0,0,0,0,0,0,0,0,0,0,0,0,,,,
1416329007.03896,pg_catalog,pg_am,2440,2440,0,0,0,0,0,0,0,0,33,2407,0,0,,,,
1416329007.03896,pg_catalog,pg_ts_template,0,0,0,0,0,0,0,0,0,0,0,0,0,0,,,,
1416329007.03896,pg_catalog,pg_foreign_server,0,0,0,0,0,0,0,0,0,0,0,0,0,0,,,,
1416329007.03896,pg_catalog,pg_namespace,86,7224,11655,9475,0,0,0,0,0,0,48,9599,151,13850,,,,
1416329007.03896,public,partsupp,0,0,,,0,0,0,0,0,0,0,0,,,,,,
1416329007.03896,pg_toast,pg_toast_2619,0,0,9058,30487,311,0,313,0,23,254,3026,11580,123,10348,,,,
1416329007.03896,pg_catalog,pg_authid,51,51,4337,4337,0,0,0,0,0,0,26,4362,130,8544,,,,
1416329007.03896,pg_catalog,pg_default_acl,0,0,308,0,0,0,0,0,0,0,0,0,32,276,,,,
1416329007.03896,pg_catalog,pg_shdepend,0,0,360,67,0,0,0,0,0,0,34,33,129,365,,,,
1416329007.03896,pg_catalog,pg_constraint,0,0,24,16,8,0,16,0,0,16,5,59,10,94,0,0,0,0
1416329007.03896,information_schema,sql_implementation_info,0,0,,,0,0,0,0,0,0,0,0,,,0,0,0,0
1416329007.03896,pg_catalog,pg_index,311,24225,27738,38096,47,0,75,0,116,38,301,38445,175,31389,,,,
1416329007.03896,pg_catalog,pg_ts_dict,0,0,0,0,0,0,0,0,0,0,0,0,0,0,,,,
1416329007.03896,pg_toast,pg_toast_2604,0,0,0,0,0,0,0,0,0,0,0,0,0,0,,,,
1416329007.03896,pg_toast,pg_toast_12325,0,0,0,0,0,0,0,0,0,0,0,0,0,0,,,,
1416329007.03896,information_schema,sql_sizing,0,0,,,0,0,0,0,0,0,0,0,,,0,0,0,0
1416329007.03896,pg_catalog,pg_proc,0,0,19224,28489,0,0,0,0,0,0,1683,19019,836,41769,0,0,0,0
1416329067.03763,pg_catalog,pg_attrdef,0,0,0,0,0,0,0,0,0,0,0,0,0,0,0,0,0,0
1416329067.03763,pg_catalog,pg_db_role_setting,0,0,10472,0,0,0,0,0,0,0,0,0,28,10444,0,0,0,0
1416329067.03763,pg_catalog,pg_rowsecurity,0,0,0,0,0,0,0,0,0,0,0,0,0,0,,,,
1416329067.03763,pg_catalog,pg_description,0,0,358,0,0,0,0,0,0,0,0,0,93,700,0,0,0,0
1416329067.03763,public,time_statistics,0,0,,,1,0,0,0,1,0,1,0,,,,,,
1416329067.03763,pg_catalog,pg_foreign_data_wrapper,0,0,0,0,0,0,0,0,0,0,0,0,0,0,,,,
1416329067.03763,pg_catalog,pg_conversion,0,0,0,0,0,0,0,0,0,0,0,0,0,0,,,,
1416329067.03763,pg_catalog,pg_class,1279,282495,54658,49767,141,38,152,36,326,107,623,64074,500,114643,,,,
1416329067.03763,pg_catalog,pg_opfamily,0,0,0,0,0,0,0,0,0,0,0,0,0,0,,,,
1416329067.03763,public,region,2,10,0,0,5,0,0,0,5,0,1,3,0,0,,,,
1416329067.03763,pg_catalog,pg_auth_members,0,0,0,0,0,0,0,0,0,0,0,0,0,0,,,,
1416329067.03763,pg_catalog,pg_operator,0,0,17009,89560,0,0,0,0,0,0,474,61922,414,36863,,,,
1416329067.03763,pg_toast,pg_toast_12345,0,0,0,0,0,0,0,0,0,0,0,0,0,0,,,,
1416329067.03763,pg_catalog,pg_attribute,242,1650,45368,103996,565,17,584,17,2495,419,1741,51451,410,95331,,,,
1416329067.03763,pg_catalog,pg_tablespace,0,0,1561,1561,0,0,0,0,0,0,50,1511,104,3026,,,,
1416329067.03763,pg_catalog,pg_statistic,0,0,12453,12037,123,322,151,296,439,100,1394,11553,150,26668,3053,12159,123,10571
1416329067.03763,pg_catalog,pg_aggregate,0,0,1184,1184,0,0,0,0,0,0,94,1090,213,1848,,,,
1416329067.03763,pg_catalog,pg_inherits,0,0,77,0,0,0,0,0,0,0,0,0,33,44,,,,
1416329067.03763,pg_catalog,pg_enum,0,0,0,0,0,0,0,0,0,0,0,0,0,0,,,,
1416329067.03763,pg_toast,pg_toast_2396,0,0,0,0,0,0,0,0,0,0,0,0,0,0,,,,
1416329067.03763,pg_catalog,pg_pltemplate,0,0,0,0,0,0,0,0,0,0,0,0,0,0,,,,
1416329067.03763,pg_toast,pg_toast_2618,0,0,208,664,0,0,0,0,0,0,129,127,36,300,,,,
1416329067.03763,public,customer,6,9000000,0,0,1500000,0,0,0,1500000,0,68533,294857,0,0,,,,
1416329067.03763,pg_toast,pg_toast_3596,0,0,0,0,0,0,0,0,0,0,0,0,0,0,,,,
1416329067.03763,pg_toast,pg_toast_2606,0,0,0,0,0,0,0,0,0,0,0,0,0,0,,,,
1416329067.03763,pg_toast,pg_toast_2964,0,0,0,0,0,0,0,0,0,0,0,0,0,0,,,,
1416329067.03763,pg_toast,pg_toast_12330,0,0,0,0,0,0,0,0,0,0,0,0,0,0,,,,
1416329067.03763,pg_catalog,pg_database,441,1722,8651,8651,0,0,0,0,0,0,19,9073,127,13753,,,,
1416329067.03763,information_schema,sql_sizing_profiles,0,0,,,0,0,0,0,0,0,0,0,,,0,0,0,0
1416329067.03763,pg_toast,pg_toast_2620,0,0,0,0,0,0,0,0,0,0,0,0,0,0,,,,
1416329067.03763,pg_catalog,pg_depend,0,0,3217,3464,571,0,598,0,6658,909,510,4171,754,8327,,,,
1416329067.03763,pg_catalog,pg_language,0,0,0,0,0,0,0,0,0,0,0,0,0,0,,,,
1416329067.03763,public,part,6,12000000,0,0,2000000,0,0,0,2000000,0,79007,327715,0,0,,,,
1416329067.03763,pg_toast,pg_toast_12320,0,0,0,0,0,0,0,0,0,0,0,0,0,0,,,,
1416329067.03763,pg_catalog,pg_amproc,44,88,9928,15665,0,0,0,0,0,0,60,9773,89,22191,,,,
1416329067.03763,pg_catalog,pg_collation,0,0,0,0,0,0,0,0,0,0,0,0,0,0,,,,
1416329067.03763,public,nation,2,50,0,0,25,0,0,0,25,0,1,3,0,0,,,,
1416329067.03763,pg_catalog,pg_range,0,0,533,0,0,0,0,0,0,0,0,0,204,862,,,,
1416329067.03763,pg_toast,pg_toast_2609,0,0,0,0,0,0,0,0,0,0,0,0,0,0,,,,
1416329067.03763,pg_catalog,pg_opclass,44,44,13651,152688,0,0,0,0,0,0,93,60550,207,16812,,,,
1416329067.03763,information_schema,sql_packages,0,0,,,0,0,0,0,0,0,0,0,,,0,0,0,0
1416329067.03763,pg_catalog,pg_rewrite,0,0,517,403,38,0,38,0,111,8,300,479,124,758,129,127,72,600
1416329067.03763,pg_toast,pg_toast_1255,0,0,0,0,0,0,0,0,0,0,0,0,0,0,,,,
1416329067.03763,pg_catalog,pg_seclabel,0,0,358,0,0,0,0,0,0,0,0,0,30,328,0,0,0,0
1416329067.03763,pg_toast,pg_toast_12335,0,0,0,0,0,0,0,0,0,0,0,0,0,0,,,,
1416329067.03763,pg_catalog,pg_ts_parser,0,0,0,0,0,0,0,0,0,0,0,0,0,0,,,,
1416329067.03763,pg_catalog,pg_trigger,0,0,0,0,0,0,0,0,0,0,0,0,0,0,0,0,0,0
1416329067.03763,public,orders,0,0,,,15000000,0,0,0,15000000,0,253333,543656,,,,,,
1416329067.03763,pg_toast,pg_toast_12340,0,0,0,0,0,0,0,0,0,0,0,0,0,0,,,,
1416329067.03763,pg_catalog,pg_shseclabel,0,0,0,0,0,0,0,0,0,0,0,0,0,0,,,,
1416329067.03763,pg_catalog,pg_event_trigger,0,0,142,0,0,0,0,0,0,0,0,0,35,107,,,,
1416329067.03763,information_schema,sql_features,0,0,,,0,0,0,0,0,0,0,0,,,0,0,0,0
1416329067.03763,information_schema,sql_languages,0,0,,,0,0,0,0,0,0,0,0,,,0,0,0,0
1416329067.03763,pg_catalog,pg_foreign_table,0,0,0,0,0,0,0,0,0,0,0,0,0,0,,,,
1416329067.03763,public,supplier,4,400000,0,0,100000,0,0,0,100000,0,2312,15648,0,0,,,,
1416329067.03763,pg_catalog,pg_extension,0,0,0,0,0,0,0,0,0,0,0,0,0,0,,,,
1416329067.03763,pg_catalog,pg_ts_config,0,0,0,0,0,0,0,0,0,0,0,0,0,0,,,,
1416329067.03763,pg_catalog,pg_shdescription,0,0,0,0,0,0,0,0,0,0,0,0,0,0,0,0,0,0
1416329067.03763,pg_catalog,pg_cast,0,0,75091,17708,0,0,0,0,0,0,94,17614,60,77162,,,,
1416329067.03763,pg_catalog,pg_amop,0,0,19917,28981,0,0,0,0,0,0,136,28845,324,42111,,,,
1416329067.03763,pg_catalog,pg_user_mapping,0,0,0,0,0,0,0,0,0,0,0,0,0,0,,,,
1416329067.03763,public,lineitem,0,0,,,0,0,0,0,0,0,0,0,,,,,,
1416329067.03763,pg_toast,pg_toast_12315,0,0,0,0,0,0,0,0,0,0,0,0,0,0,,,,
1416329067.03763,pg_catalog,pg_type,0,0,52538,51982,152,0,152,0,360,91,366,52298,539,108055,,,,
1416329067.03763,pg_catalog,pg_largeobject,0,0,0,0,0,0,0,0,0,0,0,0,0,0,,,,
1416329067.03763,information_schema,sql_parts,0,0,,,0,0,0,0,0,0,0,0,,,0,0,0,0
1416329067.03763,pg_catalog,pg_ts_config_map,0,0,0,0,0,0,0,0,0,0,0,0,0,0,,,,
1416329067.03763,pg_catalog,pg_largeobject_metadata,0,0,0,0,0,0,0,0,0,0,0,0,0,0,,,,
1416329067.03763,pg_catalog,pg_am,2488,2488,0,0,0,0,0,0,0,0,33,2455,0,0,,,,
1416329067.03763,pg_catalog,pg_ts_template,0,0,0,0,0,0,0,0,0,0,0,0,0,0,,,,
1416329067.03763,pg_catalog,pg_foreign_server,0,0,0,0,0,0,0,0,0,0,0,0,0,0,,,,
1416329067.03763,pg_catalog,pg_namespace,88,7392,11847,9633,0,0,0,0,0,0,48,9761,151,14079,,,,
1416329067.03763,public,partsupp,3,24000000,0,0,8000000,0,0,0,8000000,0,340611,954509,0,0,,,,
1416329067.03763,pg_toast,pg_toast_2619,0,0,9102,30511,480,0,321,0,182,16,3053,12159,123,10571,,,,
1416329067.03763,pg_catalog,pg_authid,54,54,4464,4464,0,0,0,0,0,0,27,4491,134,8794,,,,
1416329067.03763,pg_catalog,pg_default_acl,0,0,308,0,0,0,0,0,0,0,0,0,32,276,,,,
1416329067.03763,pg_catalog,pg_shdepend,0,0,435,77,0,0,0,0,0,0,35,42,133,456,,,,
1416329067.03763,pg_catalog,pg_constraint,0,0,30,16,14,0,16,0,6,16,8,80,16,142,0,0,0,0
1416329067.03763,information_schema,sql_implementation_info,0,0,,,0,0,0,0,0,0,0,0,,,0,0,0,0
1416329067.03763,pg_catalog,pg_index,330,24814,28153,38646,64,0,75,0,132,38,305,39000,175,31903,,,,
1416329067.03763,pg_catalog,pg_ts_dict,0,0,0,0,0,0,0,0,0,0,0,0,0,0,,,,
1416329067.03763,pg_toast,pg_toast_2604,0,0,0,0,0,0,0,0,0,0,0,0,0,0,,,,
1416329067.03763,pg_toast,pg_toast_12325,0,0,0,0,0,0,0,0,0,0,0,0,0,0,,,,
1416329067.03763,information_schema,sql_sizing,0,0,,,0,0,0,0,0,0,0,0,,,0,0,0,0
1416329067.03763,pg_catalog,pg_proc,0,0,19322,28635,0,0,0,0,0,0,1698,19132,841,41979,0,0,0,0
1416329127.04158,pg_catalog,pg_attrdef,0,0,0,0,0,0,0,0,0,0,0,0,0,0,0,0,0,0
1416329127.04158,pg_catalog,pg_db_role_setting,0,0,10516,0,0,0,0,0,0,0,0,0,28,10488,0,0,0,0
1416329127.04158,pg_catalog,pg_rowsecurity,0,0,0,0,0,0,0,0,0,0,0,0,0,0,,,,
1416329127.04158,pg_catalog,pg_description,0,0,358,0,0,0,0,0,0,0,0,0,93,700,0,0,0,0
1416329127.04158,public,time_statistics,0,0,,,1,0,0,0,1,0,1,0,,,,,,
1416329127.04158,pg_catalog,pg_foreign_data_wrapper,0,0,0,0,0,0,0,0,0,0,0,0,0,0,,,,
1416329127.04158,pg_catalog,pg_conversion,0,0,0,0,0,0,0,0,0,0,0,0,0,0,,,,
1416329127.04158,pg_catalog,pg_class,1288,285126,55046,50145,144,38,152,36,329,107,623,64590,500,115459,,,,
1416329127.04158,pg_catalog,pg_opfamily,0,0,0,0,0,0,0,0,0,0,0,0,0,0,,,,
1416329127.04158,public,region,2,10,0,0,5,0,0,0,5,0,1,3,0,0,,,,
1416329127.04158,pg_catalog,pg_auth_members,0,0,0,0,0,0,0,0,0,0,0,0,0,0,,,,
1416329127.04158,pg_catalog,pg_operator,0,0,17029,89580,0,0,0,0,0,0,474,61942,414,36910,,,,
1416329127.04158,pg_toast,pg_toast_12345,0,0,0,0,0,0,0,0,0,0,0,0,0,0,,,,
1416329127.04158,pg_catalog,pg_attribute,242,1650,45615,104465,570,18,584,18,2500,417,1741,51724,410,95857,,,,
1416329127.04158,pg_catalog,pg_tablespace,0,0,1566,1566,0,0,0,0,0,0,50,1516,104,3036,,,,
1416329127.04158,pg_catalog,pg_statistic,0,0,12484,12053,132,322,151,296,448,100,1394,11581,150,26753,3053,12225,123,10623
1416329127.04158,pg_catalog,pg_aggregate,0,0,1185,1185,0,0,0,0,0,0,94,1091,213,1850,,,,
1416329127.04158,pg_catalog,pg_inherits,0,0,77,0,0,0,0,0,0,0,0,0,33,44,,,,
1416329127.04158,pg_catalog,pg_enum,0,0,0,0,0,0,0,0,0,0,0,0,0,0,,,,
1416329127.04158,pg_toast,pg_toast_2396,0,0,0,0,0,0,0,0,0,0,0,0,0,0,,,,
1416329127.04158,pg_catalog,pg_pltemplate,0,0,0,0,0,0,0,0,0,0,0,0,0,0,,,,
1416329127.04158,pg_toast,pg_toast_2618,0,0,213,680,0,0,0,0,0,0,129,133,36,308,,,,
1416329127.04158,public,customer,6,9000000,0,0,1500000,0,0,0,1500000,0,68533,294857,0,0,,,,
1416329127.04158,pg_toast,pg_toast_3596,0,0,0,0,0,0,0,0,0,0,0,0,0,0,,,,
1416329127.04158,pg_toast,pg_toast_2606,0,0,0,0,0,0,0,0,0,0,0,0,0,0,,,,
1416329127.04158,pg_toast,pg_toast_2964,0,0,0,0,0,0,0,0,0,0,0,0,0,0,,,,
1416329127.04158,pg_toast,pg_toast_12330,0,0,0,0,0,0,0,0,0,0,0,0,0,0,,,,
1416329127.04158,pg_catalog,pg_database,444,1734,8694,8694,0,0,0,0,0,0,19,9119,127,13818,,,,
1416329127.04158,information_schema,sql_sizing_profiles,0,0,,,0,0,0,0,0,0,0,0,,,0,0,0,0
1416329127.04158,pg_toast,pg_toast_2620,0,0,0,0,0,0,0,0,0,0,0,0,0,0,,,,
1416329127.04158,pg_catalog,pg_depend,0,0,3228,3474,577,0,598,0,6664,909,510,4196,754,8379,,,,
1416329127.04158,pg_catalog,pg_language,0,0,0,0,0,0,0,0,0,0,0,0,0,0,,,,
1416329127.04158,public,part,6,12000000,0,0,2000000,0,0,0,2000000,0,79007,327715,0,0,,,,
1416329127.04158,pg_toast,pg_toast_12320,0,0,0,0,0,0,0,0,0,0,0,0,0,0,,,,
1416329127.04158,pg_catalog,pg_amproc,44,88,9956,15710,0,0,0,0,0,0,60,9800,89,22254,,,,
1416329127.04158,pg_catalog,pg_collation,0,0,0,0,0,0,0,0,0,0,0,0,0,0,,,,
1416329127.04158,public,nation,2,50,0,0,25,0,0,0,25,0,1,3,0,0,,,,
1416329127.04158,pg_catalog,pg_range,0,0,533,0,0,0,0,0,0,0,0,0,204,862,,,,
1416329127.04158,pg_toast,pg_toast_2609,0,0,0,0,0,0,0,0,0,0,0,0,0,0,,,,
1416329127.04158,pg_catalog,pg_opclass,44,44,13693,153246,0,0,0,0,0,0,93,60736,207,16867,,,,
1416329127.04158,information_schema,sql_packages,0,0,,,0,0,0,0,0,0,0,0,,,0,0,0,0
1416329127.04158,pg_catalog,pg_rewrite,0,0,523,409,38,0,38,0,111,8,300,485,124,768,129,133,72,616
1416329127.04158,pg_toast,pg_toast_1255,0,0,0,0,0,0,0,0,0,0,0,0,0,0,,,,
1416329127.04158,pg_catalog,pg_seclabel,0,0,358,0,0,0,0,0,0,0,0,0,30,328,0,0,0,0
1416329127.04158,pg_toast,pg_toast_12335,0,0,0,0,0,0,0,0,0,0,0,0,0,0,,,,
1416329127.04158,pg_catalog,pg_ts_parser,0,0,0,0,0,0,0,0,0,0,0,0,0,0,,,,
1416329127.04158,pg_catalog,pg_trigger,0,0,0,0,0,0,0,0,0,0,0,0,0,0,0,0,0,0
1416329127.04158,public,orders,4,60000000,0,0,15000000,0,0,0,15000000,0,504554,1558780,0,0,,,,
1416329127.04158,pg_toast,pg_toast_12340,0,0,0,0,0,0,0,0,0,0,0,0,0,0,,,,
1416329127.04158,pg_catalog,pg_shseclabel,0,0,0,0,0,0,0,0,0,0,0,0,0,0,,,,
1416329127.04158,pg_catalog,pg_event_trigger,0,0,145,0,0,0,0,0,0,0,0,0,35,110,,,,
1416329127.04158,information_schema,sql_features,0,0,,,0,0,0,0,0,0,0,0,,,0,0,0,0
1416329127.04158,information_schema,sql_languages,0,0,,,0,0,0,0,0,0,0,0,,,0,0,0,0
1416329127.04158,pg_catalog,pg_foreign_table,0,0,0,0,0,0,0,0,0,0,0,0,0,0,,,,
1416329127.04158,public,supplier,4,400000,0,0,100000,0,0,0,100000,0,2312,15648,0,0,,,,
1416329127.04158,pg_catalog,pg_extension,0,0,0,0,0,0,0,0,0,0,0,0,0,0,,,,
1416329127.04158,pg_catalog,pg_ts_config,0,0,0,0,0,0,0,0,0,0,0,0,0,0,,,,
1416329127.04158,pg_catalog,pg_shdescription,0,0,0,0,0,0,0,0,0,0,0,0,0,0,0,0,0,0
1416329127.04158,pg_catalog,pg_cast,0,0,75255,17762,0,0,0,0,0,0,94,17668,60,77334,,,,
1416329127.04158,pg_catalog,pg_amop,0,0,19960,29031,0,0,0,0,0,0,136,28895,324,42205,,,,
1416329127.04158,pg_catalog,pg_user_mapping,0,0,0,0,0,0,0,0,0,0,0,0,0,0,,,,
1416329127.04158,public,lineitem,0,0,,,0,0,0,0,0,0,0,0,,,,,,
1416329127.04158,pg_toast,pg_toast_12315,0,0,0,0,0,0,0,0,0,0,0,0,0,0,,,,
1416329127.04158,pg_catalog,pg_type,0,0,52621,52065,152,0,152,0,360,91,366,52381,539,108229,,,,
1416329127.04158,pg_catalog,pg_largeobject,0,0,0,0,0,0,0,0,0,0,0,0,0,0,,,,
1416329127.04158,information_schema,sql_parts,0,0,,,0,0,0,0,0,0,0,0,,,0,0,0,0
1416329127.04158,pg_catalog,pg_ts_config_map,0,0,0,0,0,0,0,0,0,0,0,0,0,0,,,,
1416329127.04158,pg_catalog,pg_largeobject_metadata,0,0,0,0,0,0,0,0,0,0,0,0,0,0,,,,
1416329127.04158,pg_catalog,pg_am,2498,2498,0,0,0,0,0,0,0,0,33,2465,0,0,,,,
1416329127.04158,pg_catalog,pg_ts_template,0,0,0,0,0,0,0,0,0,0,0,0,0,0,,,,
1416329127.04158,pg_catalog,pg_foreign_server,0,0,0,0,0,0,0,0,0,0,0,0,0,0,,,,
1416329127.04158,pg_catalog,pg_namespace,90,7560,12000,9778,0,0,0,0,0,0,48,9910,151,14243,,,,
1416329127.04158,public,partsupp,3,24000000,0,0,8000000,0,0,0,8000000,0,340611,954509,0,0,,,,
1416329127.04158,pg_toast,pg_toast_2619,0,0,9114,30515,517,0,321,0,219,16,3053,12225,123,10623,,,,
1416329127.04158,pg_catalog,pg_authid,55,55,4482,4482,0,0,0,0,0,0,27,4510,134,8830,,,,
1416329127.04158,pg_catalog,pg_default_acl,0,0,308,0,0,0,0,0,0,0,0,0,32,276,,,,
1416329127.04158,pg_catalog,pg_shdepend,0,0,435,77,0,0,0,0,0,0,35,42,133,456,,,,
1416329127.04158,pg_catalog,pg_constraint,0,0,31,16,15,0,16,0,7,16,8,84,16,151,0,0,0,0
1416329127.04158,information_schema,sql_implementation_info,0,0,,,0,0,0,0,0,0,0,0,,,0,0,0,0
1416329127.04158,pg_catalog,pg_index,335,25474,28234,38758,67,0,75,0,135,38,305,39130,175,32005,,,,
1416329127.04158,pg_catalog,pg_ts_dict,0,0,0,0,0,0,0,0,0,0,0,0,0,0,,,,
1416329127.04158,pg_toast,pg_toast_2604,0,0,0,0,0,0,0,0,0,0,0,0,0,0,,,,
1416329127.04158,pg_toast,pg_toast_12325,0,0,0,0,0,0,0,0,0,0,0,0,0,0,,,,
1416329127.04158,information_schema,sql_sizing,0,0,,,0,0,0,0,0,0,0,0,,,0,0,0,0
1416329127.04158,pg_catalog,pg_proc,0,0,19394,28735,0,0,0,0,0,0,1698,19220,841,42131,0,0,0,0
1416329187.04423,pg_catalog,pg_attrdef,0,0,0,0,0,0,0,0,0,0,0,0,0,0,0,0,0,0
1416329187.04423,pg_catalog,pg_db_role_setting,0,0,10544,0,0,0,0,0,0,0,0,0,28,10516,0,0,0,0
1416329187.04423,pg_catalog,pg_rowsecurity,0,0,0,0,0,0,0,0,0,0,0,0,0,0,,,,
1416329187.04423,pg_catalog,pg_description,0,0,358,0,0,0,0,0,0,0,0,0,93,700,0,0,0,0
1416329187.04423,public,time_statistics,0,0,,,1,0,0,0,1,0,1,0,,,,,,
1416329187.04423,pg_catalog,pg_foreign_data_wrapper,0,0,0,0,0,0,0,0,0,0,0,0,0,0,,,,
1416329187.04423,pg_catalog,pg_conversion,0,0,0,0,0,0,0,0,0,0,0,0,0,0,,,,
1416329187.04423,pg_catalog,pg_class,1298,288104,55380,50479,144,38,152,36,329,107,623,65055,500,116143,,,,
1416329187.04423,pg_catalog,pg_opfamily,0,0,0,0,0,0,0,0,0,0,0,0,0,0,,,,
1416329187.04423,public,region,2,10,0,0,5,0,0,0,5,0,1,3,0,0,,,,
1416329187.04423,pg_catalog,pg_auth_members,0,0,0,0,0,0,0,0,0,0,0,0,0,0,,,,
1416329187.04423,pg_catalog,pg_operator,0,0,17046,89597,0,0,0,0,0,0,474,61959,414,36952,,,,
1416329187.04423,pg_toast,pg_toast_12345,0,0,0,0,0,0,0,0,0,0,0,0,0,0,,,,
1416329187.04423,pg_catalog,pg_attribute,242,1650,45821,104803,570,18,584,18,2500,417,1741,51937,410,96277,,,,
1416329187.04423,pg_catalog,pg_tablespace,0,0,1571,1571,0,0,0,0,0,0,50,1521,104,3046,,,,
1416329187.04423,pg_catalog,pg_statistic,0,0,12509,12072,132,322,151,296,448,100,1394,11600,150,26808,3053,12228,123,10629
1416329187.04423,pg_catalog,pg_aggregate,0,0,1186,1186,0,0,0,0,0,0,94,1092,213,1852,,,,
1416329187.04423,pg_catalog,pg_inherits,0,0,77,0,0,0,0,0,0,0,0,0,33,44,,,,
1416329187.04423,pg_catalog,pg_enum,0,0,0,0,0,0,0,0,0,0,0,0,0,0,,,,
1416329187.04423,pg_toast,pg_toast_2396,0,0,0,0,0,0,0,0,0,0,0,0,0,0,,,,
1416329187.04423,pg_catalog,pg_pltemplate,0,0,0,0,0,0,0,0,0,0,0,0,0,0,,,,
1416329187.04423,pg_toast,pg_toast_2618,0,0,218,696,0,0,0,0,0,0,129,139,36,316,,,,
1416329187.04423,public,customer,6,9000000,0,0,1500000,0,0,0,1500000,0,68533,294857,0,0,,,,
1416329187.04423,pg_toast,pg_toast_3596,0,0,0,0,0,0,0,0,0,0,0,0,0,0,,,,
1416329187.04423,pg_toast,pg_toast_2606,0,0,0,0,0,0,0,0,0,0,0,0,0,0,,,,
1416329187.04423,pg_toast,pg_toast_2964,0,0,0,0,0,0,0,0,0,0,0,0,0,0,,,,
1416329187.04423,pg_toast,pg_toast_12330,0,0,0,0,0,0,0,0,0,0,0,0,0,0,,,,
1416329187.04423,pg_catalog,pg_database,447,1746,8723,8723,0,0,0,0,0,0,19,9151,127,13861,,,,
1416329187.04423,information_schema,sql_sizing_profiles,0,0,,,0,0,0,0,0,0,0,0,,,0,0,0,0
1416329187.04423,pg_toast,pg_toast_2620,0,0,0,0,0,0,0,0,0,0,0,0,0,0,,,,
1416329187.04423,pg_catalog,pg_depend,0,0,3228,3474,577,0,598,0,6664,909,510,4196,754,8379,,,,
1416329187.04423,pg_catalog,pg_language,0,0,0,0,0,0,0,0,0,0,0,0,0,0,,,,
1416329187.04423,public,part,6,12000000,0,0,2000000,0,0,0,2000000,0,79007,327715,0,0,,,,
1416329187.04423,pg_toast,pg_toast_12320,0,0,0,0,0,0,0,0,0,0,0,0,0,0,,,,
1416329187.04423,pg_catalog,pg_amproc,44,88,9973,15737,0,0,0,0,0,0,60,9817,89,22294,,,,
1416329187.04423,pg_catalog,pg_collation,0,0,0,0,0,0,0,0,0,0,0,0,0,0,,,,
1416329187.04423,public,nation,2,50,0,0,25,0,0,0,25,0,1,3,0,0,,,,
1416329187.04423,pg_catalog,pg_range,0,0,533,0,0,0,0,0,0,0,0,0,204,862,,,,
1416329187.04423,pg_toast,pg_toast_2609,0,0,0,0,0,0,0,0,0,0,0,0,0,0,,,,
1416329187.04423,pg_catalog,pg_opclass,44,44,13711,153431,0,0,0,0,0,0,93,60806,207,16894,,,,
1416329187.04423,information_schema,sql_packages,0,0,,,0,0,0,0,0,0,0,0,,,0,0,0,0
1416329187.04423,pg_catalog,pg_rewrite,0,0,530,416,38,0,38,0,111,8,300,492,124,780,129,139,72,632
1416329187.04423,pg_toast,pg_toast_1255,0,0,0,0,0,0,0,0,0,0,0,0,0,0,,,,
1416329187.04423,pg_catalog,pg_seclabel,0,0,358,0,0,0,0,0,0,0,0,0,30,328,0,0,0,0
1416329187.04423,pg_toast,pg_toast_12335,0,0,0,0,0,0,0,0,0,0,0,0,0,0,,,,
1416329187.04423,pg_catalog,pg_ts_parser,0,0,0,0,0,0,0,0,0,0,0,0,0,0,,,,
1416329187.04423,pg_catalog,pg_trigger,0,0,0,0,0,0,0,0,0,0,0,0,0,0,0,0,0,0
1416329187.04423,public,orders,4,60000000,0,0,15000000,0,0,0,15000000,0,504554,1558780,0,0,,,,
1416329187.04423,pg_toast,pg_toast_12340,0,0,0,0,0,0,0,0,0,0,0,0,0,0,,,,
1416329187.04423,pg_catalog,pg_shseclabel,0,0,0,0,0,0,0,0,0,0,0,0,0,0,,,,
1416329187.04423,pg_catalog,pg_event_trigger,0,0,145,0,0,0,0,0,0,0,0,0,35,110,,,,
1416329187.04423,information_schema,sql_features,0,0,,,0,0,0,0,0,0,0,0,,,0,0,0,0
1416329187.04423,information_schema,sql_languages,0,0,,,0,0,0,0,0,0,0,0,,,0,0,0,0
1416329187.04423,pg_catalog,pg_foreign_table,0,0,0,0,0,0,0,0,0,0,0,0,0,0,,,,
1416329187.04423,public,supplier,4,400000,0,0,100000,0,0,0,100000,0,2312,15648,0,0,,,,
1416329187.04423,pg_catalog,pg_extension,0,0,0,0,0,0,0,0,0,0,0,0,0,0,,,,
1416329187.04423,pg_catalog,pg_ts_config,0,0,0,0,0,0,0,0,0,0,0,0,0,0,,,,
1416329187.04423,pg_catalog,pg_shdescription,0,0,0,0,0,0,0,0,0,0,0,0,0,0,0,0,0,0
1416329187.04423,pg_catalog,pg_cast,0,0,75324,17790,0,0,0,0,0,0,94,17696,60,77408,,,,
1416329187.04423,pg_catalog,pg_amop,0,0,19993,29072,0,0,0,0,0,0,136,28936,324,42279,,,,
1416329187.04423,pg_catalog,pg_user_mapping,0,0,0,0,0,0,0,0,0,0,0,0,0,0,,,,
1416329187.04423,public,lineitem,0,0,,,0,0,0,0,0,0,0,0,,,,,,
1416329187.04423,pg_toast,pg_toast_12315,0,0,0,0,0,0,0,0,0,0,0,0,0,0,,,,
1416329187.04423,pg_catalog,pg_type,0,0,52713,52157,152,0,152,0,360,91,366,52473,539,108418,,,,
1416329187.04423,pg_catalog,pg_largeobject,0,0,0,0,0,0,0,0,0,0,0,0,0,0,,,,
1416329187.04423,information_schema,sql_parts,0,0,,,0,0,0,0,0,0,0,0,,,0,0,0,0
1416329187.04423,pg_catalog,pg_ts_config_map,0,0,0,0,0,0,0,0,0,0,0,0,0,0,,,,
1416329187.04423,pg_catalog,pg_largeobject_metadata,0,0,0,0,0,0,0,0,0,0,0,0,0,0,,,,
1416329187.04423,pg_catalog,pg_am,2504,2504,0,0,0,0,0,0,0,0,33,2471,0,0,,,,
1416329187.04423,pg_catalog,pg_ts_template,0,0,0,0,0,0,0,0,0,0,0,0,0,0,,,,
1416329187.04423,pg_catalog,pg_foreign_server,0,0,0,0,0,0,0,0,0,0,0,0,0,0,,,,
1416329187.04423,pg_catalog,pg_namespace,92,7728,12150,9923,0,0,0,0,0,0,48,10059,151,14400,,,,
1416329187.04423,public,partsupp,3,24000000,0,0,8000000,0,0,0,8000000,0,340611,954509,0,0,,,,
1416329187.04423,pg_toast,pg_toast_2619,0,0,9117,30521,517,0,321,0,219,16,3053,12228,123,10629,,,,
1416329187.04423,pg_catalog,pg_authid,56,56,4492,4492,0,0,0,0,0,0,27,4521,134,8850,,,,
1416329187.04423,pg_catalog,pg_default_acl,0,0,308,0,0,0,0,0,0,0,0,0,32,276,,,,
1416329187.04423,pg_catalog,pg_shdepend,0,0,435,77,0,0,0,0,0,0,35,42,133,456,,,,
1416329187.04423,pg_catalog,pg_constraint,0,0,31,16,15,0,16,0,7,16,8,84,16,151,0,0,0,0
1416329187.04423,information_schema,sql_implementation_info,0,0,,,0,0,0,0,0,0,0,0,,,0,0,0,0
1416329187.04423,pg_catalog,pg_index,340,26149,28278,38815,67,0,75,0,135,38,305,39209,175,32060,,,,
1416329187.04423,pg_catalog,pg_ts_dict,0,0,0,0,0,0,0,0,0,0,0,0,0,0,,,,
1416329187.04423,pg_toast,pg_toast_2604,0,0,0,0,0,0,0,0,0,0,0,0,0,0,,,,
1416329187.04423,pg_toast,pg_toast_12325,0,0,0,0,0,0,0,0,0,0,0,0,0,0,,,,
1416329187.04423,information_schema,sql_sizing,0,0,,,0,0,0,0,0,0,0,0,,,0,0,0,0
1416329187.04423,pg_catalog,pg_proc,0,0,19472,28848,0,0,0,0,0,0,1698,19318,841,42297,0,0,0,0
1416329247.04792,pg_catalog,pg_attrdef,0,0,0,0,0,0,0,0,0,0,0,0,0,0,0,0,0,0
1416329247.04792,pg_catalog,pg_db_role_setting,0,0,10572,0,0,0,0,0,0,0,0,0,28,10544,0,0,0,0
1416329247.04792,pg_catalog,pg_rowsecurity,0,0,0,0,0,0,0,0,0,0,0,0,0,0,,,,
1416329247.04792,pg_catalog,pg_description,0,0,358,0,0,0,0,0,0,0,0,0,93,700,0,0,0,0
1416329247.04792,public,time_statistics,0,0,,,1,0,0,0,1,0,1,0,,,,,,
1416329247.04792,pg_catalog,pg_foreign_data_wrapper,0,0,0,0,0,0,0,0,0,0,0,0,0,0,,,,
1416329247.04792,pg_catalog,pg_conversion,0,0,0,0,0,0,0,0,0,0,0,0,0,0,,,,
1416329247.04792,pg_catalog,pg_class,1309,291411,55731,50830,144,38,152,36,329,107,623,65550,500,116864,,,,
1416329247.04792,pg_catalog,pg_opfamily,0,0,0,0,0,0,0,0,0,0,0,0,0,0,,,,
1416329247.04792,public,region,2,10,0,0,5,0,0,0,5,0,1,3,0,0,,,,
1416329247.04792,pg_catalog,pg_auth_members,0,0,0,0,0,0,0,0,0,0,0,0,0,0,,,,
1416329247.04792,pg_catalog,pg_operator,0,0,17066,89617,0,0,0,0,0,0,474,61979,414,37003,,,,
1416329247.04792,pg_toast,pg_toast_12345,0,0,0,0,0,0,0,0,0,0,0,0,0,0,,,,
1416329247.04792,pg_catalog,pg_attribute,242,1650,46056,105208,570,18,584,18,2500,417,1741,52179,410,96757,,,,
1416329247.04792,pg_catalog,pg_tablespace,0,0,1576,1576,0,0,0,0,0,0,50,1526,104,3056,,,,
1416329247.04792,pg_catalog,pg_statistic,0,0,12541,12096,132,322,151,296,448,100,1394,11624,150,26879,3053,12232,123,10637
1416329247.04792,pg_catalog,pg_aggregate,0,0,1187,1187,0,0,0,0,0,0,94,1093,213,1854,,,,
1416329247.04792,pg_catalog,pg_inherits,0,0,77,0,0,0,0,0,0,0,0,0,33,44,,,,
1416329247.04792,pg_catalog,pg_enum,0,0,0,0,0,0,0,0,0,0,0,0,0,0,,,,
1416329247.04792,pg_toast,pg_toast_2396,0,0,0,0,0,0,0,0,0,0,0,0,0,0,,,,
1416329247.04792,pg_catalog,pg_pltemplate,0,0,0,0,0,0,0,0,0,0,0,0,0,0,,,,
1416329247.04792,pg_toast,pg_toast_2618,0,0,224,714,0,0,0,0,0,0,129,146,36,326,,,,
1416329247.04792,public,customer,6,9000000,0,0,1500000,0,0,0,1500000,0,68533,294857,0,0,,,,
1416329247.04792,pg_toast,pg_toast_3596,0,0,0,0,0,0,0,0,0,0,0,0,0,0,,,,
1416329247.04792,pg_toast,pg_toast_2606,0,0,0,0,0,0,0,0,0,0,0,0,0,0,,,,
1416329247.04792,pg_toast,pg_toast_2964,0,0,0,0,0,0,0,0,0,0,0,0,0,0,,,,
1416329247.04792,pg_toast,pg_toast_12330,0,0,0,0,0,0,0,0,0,0,0,0,0,0,,,,
1416329247.04792,pg_catalog,pg_database,450,1758,8752,8752,0,0,0,0,0,0,19,9183,127,13904,,,,
1416329247.04792,information_schema,sql_sizing_profiles,0,0,,,0,0,0,0,0,0,0,0,,,0,0,0,0
1416329247.04792,pg_toast,pg_toast_2620,0,0,0,0,0,0,0,0,0,0,0,0,0,0,,,,
1416329247.04792,pg_catalog,pg_depend,0,0,3228,3474,577,0,598,0,6664,909,510,4196,754,8379,,,,
1416329247.04792,pg_catalog,pg_language,0,0,0,0,0,0,0,0,0,0,0,0,0,0,,,,
1416329247.04792,public,part,6,12000000,0,0,2000000,0,0,0,2000000,0,79007,327715,0,0,,,,
1416329247.04792,pg_toast,pg_toast_12320,0,0,0,0,0,0,0,0,0,0,0,0,0,0,,,,
1416329247.04792,pg_catalog,pg_amproc,44,88,9996,15772,0,0,0,0,0,0,60,9840,89,22346,,,,
1416329247.04792,pg_catalog,pg_collation,0,0,0,0,0,0,0,0,0,0,0,0,0,0,,,,
1416329247.04792,public,nation,2,50,0,0,25,0,0,0,25,0,1,3,0,0,,,,
1416329247.04792,pg_catalog,pg_range,0,0,533,0,0,0,0,0,0,0,0,0,204,862,,,,
1416329247.04792,pg_toast,pg_toast_2609,0,0,0,0,0,0,0,0,0,0,0,0,0,0,,,,
1416329247.04792,pg_catalog,pg_opclass,44,44,13735,153703,0,0,0,0,0,0,93,60910,207,16928,,,,
1416329247.04792,information_schema,sql_packages,0,0,,,0,0,0,0,0,0,0,0,,,0,0,0,0
1416329247.04792,pg_catalog,pg_rewrite,0,0,539,425,38,0,38,0,111,8,300,501,124,796,129,146,72,652
1416329247.04792,pg_toast,pg_toast_1255,0,0,0,0,0,0,0,0,0,0,0,0,0,0,,,,
1416329247.04792,pg_catalog,pg_seclabel,0,0,358,0,0,0,0,0,0,0,0,0,30,328,0,0,0,0
1416329247.04792,pg_toast,pg_toast_12335,0,0,0,0,0,0,0,0,0,0,0,0,0,0,,,,
1416329247.04792,pg_catalog,pg_ts_parser,0,0,0,0,0,0,0,0,0,0,0,0,0,0,,,,
1416329247.04792,pg_catalog,pg_trigger,0,0,0,0,0,0,0,0,0,0,0,0,0,0,0,0,0,0
1416329247.04792,public,orders,4,60000000,0,0,15000000,0,0,0,15000000,0,504554,1558780,0,0,,,,
1416329247.04792,pg_toast,pg_toast_12340,0,0,0,0,0,0,0,0,0,0,0,0,0,0,,,,
1416329247.04792,pg_catalog,pg_shseclabel,0,0,0,0,0,0,0,0,0,0,0,0,0,0,,,,
1416329247.04792,pg_catalog,pg_event_trigger,0,0,145,0,0,0,0,0,0,0,0,0,35,110,,,,
1416329247.04792,information_schema,sql_features,0,0,,,0,0,0,0,0,0,0,0,,,0,0,0,0
1416329247.04792,information_schema,sql_languages,0,0,,,0,0,0,0,0,0,0,0,,,0,0,0,0
1416329247.04792,pg_catalog,pg_foreign_table,0,0,0,0,0,0,0,0,0,0,0,0,0,0,,,,
1416329247.04792,public,supplier,4,400000,0,0,100000,0,0,0,100000,0,2312,15648,0,0,,,,
1416329247.04792,pg_catalog,pg_extension,0,0,0,0,0,0,0,0,0,0,0,0,0,0,,,,
1416329247.04792,pg_catalog,pg_ts_config,0,0,0,0,0,0,0,0,0,0,0,0,0,0,,,,
1416329247.04792,pg_catalog,pg_shdescription,0,0,0,0,0,0,0,0,0,0,0,0,0,0,0,0,0,0
1416329247.04792,pg_catalog,pg_cast,0,0,75429,17829,0,0,0,0,0,0,94,17735,60,77520,,,,
1416329247.04792,pg_catalog,pg_amop,0,0,20042,29133,0,0,0,0,0,0,136,28997,324,42389,,,,
1416329247.04792,pg_catalog,pg_user_mapping,0,0,0,0,0,0,0,0,0,0,0,0,0,0,,,,
1416329247.04792,public,lineitem,0,0,,,0,0,0,0,0,0,0,0,,,,,,
1416329247.04792,pg_toast,pg_toast_12315,0,0,0,0,0,0,0,0,0,0,0,0,0,0,,,,
1416329247.04792,pg_catalog,pg_type,0,0,52841,52285,152,0,152,0,360,91,366,52601,539,108681,,,,
1416329247.04792,pg_catalog,pg_largeobject,0,0,0,0,0,0,0,0,0,0,0,0,0,0,,,,
1416329247.04792,information_schema,sql_parts,0,0,,,0,0,0,0,0,0,0,0,,,0,0,0,0
1416329247.04792,pg_catalog,pg_ts_config_map,0,0,0,0,0,0,0,0,0,0,0,0,0,0,,,,
1416329247.04792,pg_catalog,pg_largeobject_metadata,0,0,0,0,0,0,0,0,0,0,0,0,0,0,,,,
1416329247.04792,pg_catalog,pg_am,2510,2510,0,0,0,0,0,0,0,0,33,2477,0,0,,,,
1416329247.04792,pg_catalog,pg_ts_template,0,0,0,0,0,0,0,0,0,0,0,0,0,0,,,,
1416329247.04792,pg_catalog,pg_foreign_server,0,0,0,0,0,0,0,0,0,0,0,0,0,0,,,,
1416329247.04792,pg_catalog,pg_namespace,94,7896,12306,10072,0,0,0,0,0,0,48,10212,151,14565,,,,
1416329247.04792,public,partsupp,3,24000000,0,0,8000000,0,0,0,8000000,0,340611,954509,0,0,,,,
1416329247.04792,pg_toast,pg_toast_2619,0,0,9121,30529,517,0,321,0,219,16,3053,12232,123,10637,,,,
1416329247.04792,pg_catalog,pg_authid,57,57,4502,4502,0,0,0,0,0,0,27,4532,134,8870,,,,
1416329247.04792,pg_catalog,pg_default_acl,0,0,308,0,0,0,0,0,0,0,0,0,32,276,,,,
1416329247.04792,pg_catalog,pg_shdepend,0,0,435,77,0,0,0,0,0,0,35,42,133,456,,,,
1416329247.04792,pg_catalog,pg_constraint,0,0,31,16,15,0,16,0,7,16,8,84,16,151,0,0,0,0
1416329247.04792,information_schema,sql_implementation_info,0,0,,,0,0,0,0,0,0,0,0,,,0,0,0,0
1416329247.04792,pg_catalog,pg_index,345,26824,28332,38886,67,0,75,0,135,38,305,39298,175,32127,,,,
1416329247.04792,pg_catalog,pg_ts_dict,0,0,0,0,0,0,0,0,0,0,0,0,0,0,,,,
1416329247.04792,pg_toast,pg_toast_2604,0,0,0,0,0,0,0,0,0,0,0,0,0,0,,,,
1416329247.04792,pg_toast,pg_toast_12325,0,0,0,0,0,0,0,0,0,0,0,0,0,0,,,,
1416329247.04792,information_schema,sql_sizing,0,0,,,0,0,0,0,0,0,0,0,,,0,0,0,0
1416329247.04792,pg_catalog,pg_proc,0,0,19562,28987,0,0,0,0,0,0,1698,19436,841,42491,0,0,0,0
1416329307.04972,pg_catalog,pg_attrdef,0,0,0,0,0,0,0,0,0,0,0,0,0,0,0,0,0,0
1416329307.04972,pg_catalog,pg_db_role_setting,0,0,10600,0,0,0,0,0,0,0,0,0,28,10572,0,0,0,0
1416329307.04972,pg_catalog,pg_rowsecurity,0,0,0,0,0,0,0,0,0,0,0,0,0,0,,,,
1416329307.04972,pg_catalog,pg_description,0,0,358,0,0,0,0,0,0,0,0,0,93,700,0,0,0,0
1416329307.04972,public,time_statistics,0,0,,,1,0,0,0,1,0,1,0,,,,,,
1416329307.04972,pg_catalog,pg_foreign_data_wrapper,0,0,0,0,0,0,0,0,0,0,0,0,0,0,,,,
1416329307.04972,pg_catalog,pg_conversion,0,0,0,0,0,0,0,0,0,0,0,0,0,0,,,,
1416329307.04972,pg_catalog,pg_class,1318,294060,56056,51155,144,38,152,36,329,107,623,65993,500,117528,,,,
1416329307.04972,pg_catalog,pg_opfamily,0,0,0,0,0,0,0,0,0,0,0,0,0,0,,,,
1416329307.04972,public,region,2,10,0,0,5,0,0,0,5,0,1,3,0,0,,,,
1416329307.04972,pg_catalog,pg_auth_members,0,0,0,0,0,0,0,0,0,0,0,0,0,0,,,,
1416329307.04972,pg_catalog,pg_operator,0,0,17081,89632,0,0,0,0,0,0,474,61994,414,37039,,,,
1416329307.04972,pg_toast,pg_toast_12345,0,0,0,0,0,0,0,0,0,0,0,0,0,0,,,,
1416329307.04972,pg_catalog,pg_attribute,242,1650,46251,105517,570,18,584,18,2500,417,1741,52381,410,97155,,,,
1416329307.04972,pg_catalog,pg_tablespace,0,0,1581,1581,0,0,0,0,0,0,50,1531,104,3066,,,,
1416329307.04972,pg_catalog,pg_statistic,0,0,12563,12112,132,322,151,296,448,100,1394,11640,150,26927,3053,12234,123,10641
1416329307.04972,pg_catalog,pg_aggregate,0,0,1188,1188,0,0,0,0,0,0,94,1094,213,1856,,,,
1416329307.04972,pg_catalog,pg_inherits,0,0,77,0,0,0,0,0,0,0,0,0,33,44,,,,
1416329307.04972,pg_catalog,pg_enum,0,0,0,0,0,0,0,0,0,0,0,0,0,0,,,,
1416329307.04972,pg_toast,pg_toast_2396,0,0,0,0,0,0,0,0,0,0,0,0,0,0,,,,
1416329307.04972,pg_catalog,pg_pltemplate,0,0,0,0,0,0,0,0,0,0,0,0,0,0,,,,
1416329307.04972,pg_toast,pg_toast_2618,0,0,229,730,0,0,0,0,0,0,129,152,36,334,,,,
1416329307.04972,public,customer,6,9000000,0,0,1500000,0,0,0,1500000,0,68533,294857,0,0,,,,
1416329307.04972,pg_toast,pg_toast_3596,0,0,0,0,0,0,0,0,0,0,0,0,0,0,,,,
1416329307.04972,pg_toast,pg_toast_2606,0,0,0,0,0,0,0,0,0,0,0,0,0,0,,,,
1416329307.04972,pg_toast,pg_toast_2964,0,0,0,0,0,0,0,0,0,0,0,0,0,0,,,,
1416329307.04972,pg_toast,pg_toast_12330,0,0,0,0,0,0,0,0,0,0,0,0,0,0,,,,
1416329307.04972,pg_catalog,pg_database,453,1770,8780,8780,0,0,0,0,0,0,19,9214,127,13946,,,,
1416329307.04972,information_schema,sql_sizing_profiles,0,0,,,0,0,0,0,0,0,0,0,,,0,0,0,0
1416329307.04972,pg_toast,pg_toast_2620,0,0,0,0,0,0,0,0,0,0,0,0,0,0,,,,
1416329307.04972,pg_catalog,pg_depend,0,0,3228,3474,577,0,598,0,6664,909,510,4196,754,8379,,,,
1416329307.04972,pg_catalog,pg_language,0,0,0,0,0,0,0,0,0,0,0,0,0,0,,,,
1416329307.04972,public,part,6,12000000,0,0,2000000,0,0,0,2000000,0,79007,327715,0,0,,,,
1416329307.04972,pg_toast,pg_toast_12320,0,0,0,0,0,0,0,0,0,0,0,0,0,0,,,,
1416329307.04972,pg_catalog,pg_amproc,44,88,10009,15794,0,0,0,0,0,0,60,9853,89,22378,,,,
1416329307.04972,pg_catalog,pg_collation,0,0,0,0,0,0,0,0,0,0,0,0,0,0,,,,
1416329307.04972,public,nation,2,50,0,0,25,0,0,0,25,0,1,3,0,0,,,,
1416329307.04972,pg_catalog,pg_range,0,0,533,0,0,0,0,0,0,0,0,0,204,862,,,,
1416329307.04972,pg_toast,pg_toast_2609,0,0,0,0,0,0,0,0,0,0,0,0,0,0,,,,
1416329307.04972,pg_catalog,pg_opclass,44,44,13748,153802,0,0,0,0,0,0,93,60947,207,16949,,,,
1416329307.04972,information_schema,sql_packages,0,0,,,0,0,0,0,0,0,0,0,,,0,0,0,0
1416329307.04972,pg_catalog,pg_rewrite,0,0,545,431,38,0,38,0,111,8,300,507,124,806,129,152,72,668
1416329307.04972,pg_toast,pg_toast_1255,0,0,0,0,0,0,0,0,0,0,0,0,0,0,,,,
1416329307.04972,pg_catalog,pg_seclabel,0,0,358,0,0,0,0,0,0,0,0,0,30,328,0,0,0,0
1416329307.04972,pg_toast,pg_toast_12335,0,0,0,0,0,0,0,0,0,0,0,0,0,0,,,,
1416329307.04972,pg_catalog,pg_ts_parser,0,0,0,0,0,0,0,0,0,0,0,0,0,0,,,,
1416329307.04972,pg_catalog,pg_trigger,0,0,0,0,0,0,0,0,0,0,0,0,0,0,0,0,0,0
1416329307.04972,public,orders,4,60000000,0,0,15000000,0,0,0,15000000,0,504554,1558780,0,0,,,,
1416329307.04972,pg_toast,pg_toast_12340,0,0,0,0,0,0,0,0,0,0,0,0,0,0,,,,
1416329307.04972,pg_catalog,pg_shseclabel,0,0,0,0,0,0,0,0,0,0,0,0,0,0,,,,
1416329307.04972,pg_catalog,pg_event_trigger,0,0,145,0,0,0,0,0,0,0,0,0,35,110,,,,
1416329307.04972,information_schema,sql_features,0,0,,,0,0,0,0,0,0,0,0,,,0,0,0,0
1416329307.04972,information_schema,sql_languages,0,0,,,0,0,0,0,0,0,0,0,,,0,0,0,0
1416329307.04972,pg_catalog,pg_foreign_table,0,0,0,0,0,0,0,0,0,0,0,0,0,0,,,,
1416329307.04972,public,supplier,4,400000,0,0,100000,0,0,0,100000,0,2312,15648,0,0,,,,
1416329307.04972,pg_catalog,pg_extension,0,0,0,0,0,0,0,0,0,0,0,0,0,0,,,,
1416329307.04972,pg_catalog,pg_ts_config,0,0,0,0,0,0,0,0,0,0,0,0,0,0,,,,
1416329307.04972,pg_catalog,pg_shdescription,0,0,0,0,0,0,0,0,0,0,0,0,0,0,0,0,0,0
1416329307.04972,pg_catalog,pg_cast,0,0,75469,17851,0,0,0,0,0,0,94,17757,60,77564,,,,
1416329307.04972,pg_catalog,pg_amop,0,0,20065,29162,0,0,0,0,0,0,136,29026,324,42441,,,,
1416329307.04972,pg_catalog,pg_user_mapping,0,0,0,0,0,0,0,0,0,0,0,0,0,0,,,,
1416329307.04972,public,lineitem,0,0,,,0,0,0,0,0,0,0,0,,,,,,
1416329307.04972,pg_toast,pg_toast_12315,0,0,0,0,0,0,0,0,0,0,0,0,0,0,,,,
1416329307.04972,pg_catalog,pg_type,0,0,52913,52357,152,0,152,0,360,91,366,52673,539,108829,,,,
1416329307.04972,pg_catalog,pg_largeobject,0,0,0,0,0,0,0,0,0,0,0,0,0,0,,,,
1416329307.04972,information_schema,sql_parts,0,0,,,0,0,0,0,0,0,0,0,,,0,0,0,0
1416329307.04972,pg_catalog,pg_ts_config_map,0,0,0,0,0,0,0,0,0,0,0,0,0,0,,,,
1416329307.04972,pg_catalog,pg_largeobject_metadata,0,0,0,0,0,0,0,0,0,0,0,0,0,0,,,,
1416329307.04972,pg_catalog,pg_am,2516,2516,0,0,0,0,0,0,0,0,33,2483,0,0,,,,
1416329307.04972,pg_catalog,pg_ts_template,0,0,0,0,0,0,0,0,0,0,0,0,0,0,,,,
1416329307.04972,pg_catalog,pg_foreign_server,0,0,0,0,0,0,0,0,0,0,0,0,0,0,,,,
1416329307.04972,pg_catalog,pg_namespace,96,8064,12453,10215,0,0,0,0,0,0,48,10359,151,14718,,,,
1416329307.04972,public,partsupp,3,24000000,0,0,8000000,0,0,0,8000000,0,340611,954509,0,0,,,,
1416329307.04972,pg_toast,pg_toast_2619,0,0,9123,30533,517,0,321,0,219,16,3053,12234,123,10641,,,,
1416329307.04972,pg_catalog,pg_authid,58,58,4512,4512,0,0,0,0,0,0,27,4543,134,8890,,,,
1416329307.04972,pg_catalog,pg_default_acl,0,0,308,0,0,0,0,0,0,0,0,0,32,276,,,,
1416329307.04972,pg_catalog,pg_shdepend,0,0,435,77,0,0,0,0,0,0,35,42,133,456,,,,
1416329307.04972,pg_catalog,pg_constraint,0,0,31,16,15,0,16,0,7,16,8,84,16,151,0,0,0,0
1416329307.04972,information_schema,sql_implementation_info,0,0,,,0,0,0,0,0,0,0,0,,,0,0,0,0
1416329307.04972,pg_catalog,pg_index,350,27499,28371,38936,67,0,75,0,135,38,305,39372,175,32176,,,,
1416329307.04972,pg_catalog,pg_ts_dict,0,0,0,0,0,0,0,0,0,0,0,0,0,0,,,,
1416329307.04972,pg_toast,pg_toast_2604,0,0,0,0,0,0,0,0,0,0,0,0,0,0,,,,
1416329307.04972,pg_toast,pg_toast_12325,0,0,0,0,0,0,0,0,0,0,0,0,0,0,,,,
1416329307.04972,information_schema,sql_sizing,0,0,,,0,0,0,0,0,0,0,0,,,0,0,0,0
1416329307.04972,pg_catalog,pg_proc,0,0,19634,29087,0,0,0,0,0,0,1698,19524,841,42643,0,0,0,0
1416329367.0538,pg_catalog,pg_attrdef,0,0,0,0,0,0,0,0,0,0,0,0,0,0,0,0,0,0
1416329367.0538,pg_catalog,pg_db_role_setting,0,0,10660,0,0,0,0,0,0,0,0,0,28,10632,0,0,0,0
1416329367.0538,pg_catalog,pg_rowsecurity,0,0,0,0,0,0,0,0,0,0,0,0,0,0,,,,
1416329367.0538,pg_catalog,pg_description,0,0,358,0,0,0,0,0,0,0,0,0,93,700,0,0,0,0
1416329367.0538,public,time_statistics,0,0,,,1,0,0,0,1,0,1,0,,,,,,
1416329367.0538,pg_catalog,pg_foreign_data_wrapper,0,0,0,0,0,0,0,0,0,0,0,0,0,0,,,,
1416329367.0538,pg_catalog,pg_conversion,0,0,0,0,0,0,0,0,0,0,0,0,0,0,,,,
1416329367.0538,pg_catalog,pg_class,1328,297038,56411,51509,144,38,152,36,329,107,623,66478,500,118263,,,,
1416329367.0538,pg_catalog,pg_opfamily,0,0,0,0,0,0,0,0,0,0,0,0,0,0,,,,
1416329367.0538,public,region,2,10,0,0,5,0,0,0,5,0,1,3,0,0,,,,
1416329367.0538,pg_catalog,pg_auth_members,0,0,0,0,0,0,0,0,0,0,0,0,0,0,,,,
1416329367.0538,pg_catalog,pg_operator,0,0,17098,89649,0,0,0,0,0,0,474,62011,414,37081,,,,
1416329367.0538,pg_toast,pg_toast_12345,0,0,0,0,0,0,0,0,0,0,0,0,0,0,,,,
1416329367.0538,pg_catalog,pg_attribute,242,1650,46474,105911,570,18,584,18,2500,417,1741,52619,410,97617,,,,
1416329367.0538,pg_catalog,pg_tablespace,0,0,1586,1586,0,0,0,0,0,0,50,1536,104,3076,,,,
1416329367.0538,pg_catalog,pg_statistic,0,0,12588,12131,132,322,151,296,448,100,1394,11659,150,26982,3053,12237,123,10647
1416329367.0538,pg_catalog,pg_aggregate,0,0,1189,1189,0,0,0,0,0,0,94,1095,213,1858,,,,
1416329367.0538,pg_catalog,pg_inherits,0,0,77,0,0,0,0,0,0,0,0,0,33,44,,,,
1416329367.0538,pg_catalog,pg_enum,0,0,0,0,0,0,0,0,0,0,0,0,0,0,,,,
1416329367.0538,pg_toast,pg_toast_2396,0,0,0,0,0,0,0,0,0,0,0,0,0,0,,,,
1416329367.0538,pg_catalog,pg_pltemplate,0,0,0,0,0,0,0,0,0,0,0,0,0,0,,,,
1416329367.0538,pg_toast,pg_toast_2618,0,0,234,746,0,0,0,0,0,0,129,158,36,342,,,,
1416329367.0538,public,customer,6,9000000,0,0,1500000,0,0,0,1500000,0,68533,294857,0,0,,,,
1416329367.0538,pg_toast,pg_toast_3596,0,0,0,0,0,0,0,0,0,0,0,0,0,0,,,,
1416329367.0538,pg_toast,pg_toast_2606,0,0,0,0,0,0,0,0,0,0,0,0,0,0,,,,
1416329367.0538,pg_toast,pg_toast_2964,0,0,0,0,0,0,0,0,0,0,0,0,0,0,,,,
1416329367.0538,pg_toast,pg_toast_12330,0,0,0,0,0,0,0,0,0,0,0,0,0,0,,,,
1416329367.0538,pg_catalog,pg_database,456,1782,8832,8832,0,0,0,0,0,0,19,9269,127,14028,,,,
1416329367.0538,information_schema,sql_sizing_profiles,0,0,,,0,0,0,0,0,0,0,0,,,0,0,0,0
1416329367.0538,pg_toast,pg_toast_2620,0,0,0,0,0,0,0,0,0,0,0,0,0,0,,,,
1416329367.0538,pg_catalog,pg_depend,0,0,3228,3474,577,0,598,0,6664,909,510,4196,754,8379,,,,
1416329367.0538,pg_catalog,pg_language,0,0,0,0,0,0,0,0,0,0,0,0,0,0,,,,
1416329367.0538,public,part,6,12000000,0,0,2000000,0,0,0,2000000,0,79007,327715,0,0,,,,
1416329367.0538,pg_toast,pg_toast_12320,0,0,0,0,0,0,0,0,0,0,0,0,0,0,,,,
1416329367.0538,pg_catalog,pg_amproc,44,88,10034,15837,0,0,0,0,0,0,60,9878,89,22442,,,,
1416329367.0538,pg_catalog,pg_collation,0,0,0,0,0,0,0,0,0,0,0,0,0,0,,,,
1416329367.0538,public,nation,2,50,0,0,25,0,0,0,25,0,1,3,0,0,,,,
1416329367.0538,pg_catalog,pg_range,0,0,533,0,0,0,0,0,0,0,0,0,204,862,,,,
1416329367.0538,pg_toast,pg_toast_2609,0,0,0,0,0,0,0,0,0,0,0,0,0,0,,,,
1416329367.0538,pg_catalog,pg_opclass,44,44,13774,153995,0,0,0,0,0,0,93,61025,207,16992,,,,
1416329367.0538,information_schema,sql_packages,0,0,,,0,0,0,0,0,0,0,0,,,0,0,0,0
1416329367.0538,pg_catalog,pg_rewrite,0,0,552,438,38,0,38,0,111,8,300,514,124,818,129,158,72,684
1416329367.0538,pg_toast,pg_toast_1255,0,0,0,0,0,0,0,0,0,0,0,0,0,0,,,,
1416329367.0538,pg_catalog,pg_seclabel,0,0,358,0,0,0,0,0,0,0,0,0,30,328,0,0,0,0
1416329367.0538,pg_toast,pg_toast_12335,0,0,0,0,0,0,0,0,0,0,0,0,0,0,,,,
1416329367.0538,pg_catalog,pg_ts_parser,0,0,0,0,0,0,0,0,0,0,0,0,0,0,,,,
1416329367.0538,pg_catalog,pg_trigger,0,0,0,0,0,0,0,0,0,0,0,0,0,0,0,0,0,0
1416329367.0538,public,orders,4,60000000,0,0,15000000,0,0,0,15000000,0,504554,1558780,0,0,,,,
1416329367.0538,pg_toast,pg_toast_12340,0,0,0,0,0,0,0,0,0,0,0,0,0,0,,,,
1416329367.0538,pg_catalog,pg_shseclabel,0,0,0,0,0,0,0,0,0,0,0,0,0,0,,,,
1416329367.0538,pg_catalog,pg_event_trigger,0,0,145,0,0,0,0,0,0,0,0,0,35,110,,,,
1416329367.0538,information_schema,sql_features,0,0,,,0,0,0,0,0,0,0,0,,,0,0,0,0
1416329367.0538,information_schema,sql_languages,0,0,,,0,0,0,0,0,0,0,0,,,0,0,0,0
1416329367.0538,pg_catalog,pg_foreign_table,0,0,0,0,0,0,0,0,0,0,0,0,0,0,,,,
1416329367.0538,public,supplier,4,400000,0,0,100000,0,0,0,100000,0,2312,15648,0,0,,,,
1416329367.0538,pg_catalog,pg_extension,0,0,0,0,0,0,0,0,0,0,0,0,0,0,,,,
1416329367.0538,pg_catalog,pg_ts_config,0,0,0,0,0,0,0,0,0,0,0,0,0,0,,,,
1416329367.0538,pg_catalog,pg_shdescription,0,0,0,0,0,0,0,0,0,0,0,0,0,0,0,0,0,0
1416329367.0538,pg_catalog,pg_cast,0,0,75538,17879,0,0,0,0,0,0,94,17785,60,77638,,,,
1416329367.0538,pg_catalog,pg_amop,0,0,20098,29203,0,0,0,0,0,0,136,29067,324,42515,,,,
1416329367.0538,pg_catalog,pg_user_mapping,0,0,0,0,0,0,0,0,0,0,0,0,0,0,,,,
1416329367.0538,public,lineitem,0,0,,,59986052,0,0,0,59986052,0,1065680,2307885,,,,,,
1416329367.0538,pg_toast,pg_toast_12315,0,0,0,0,0,0,0,0,0,0,0,0,0,0,,,,
1416329367.0538,pg_catalog,pg_type,0,0,53010,52454,152,0,152,0,360,91,366,52770,539,109029,,,,
1416329367.0538,pg_catalog,pg_largeobject,0,0,0,0,0,0,0,0,0,0,0,0,0,0,,,,
1416329367.0538,information_schema,sql_parts,0,0,,,0,0,0,0,0,0,0,0,,,0,0,0,0
1416329367.0538,pg_catalog,pg_ts_config_map,0,0,0,0,0,0,0,0,0,0,0,0,0,0,,,,
1416329367.0538,pg_catalog,pg_largeobject_metadata,0,0,0,0,0,0,0,0,0,0,0,0,0,0,,,,
1416329367.0538,pg_catalog,pg_am,2530,2530,0,0,0,0,0,0,0,0,33,2497,0,0,,,,
1416329367.0538,pg_catalog,pg_ts_template,0,0,0,0,0,0,0,0,0,0,0,0,0,0,,,,
1416329367.0538,pg_catalog,pg_foreign_server,0,0,0,0,0,0,0,0,0,0,0,0,0,0,,,,
1416329367.0538,pg_catalog,pg_namespace,98,8232,12606,10362,0,0,0,0,0,0,48,10510,151,14880,,,,
1416329367.0538,public,partsupp,3,24000000,0,0,8000000,0,0,0,8000000,0,340611,954509,0,0,,,,
1416329367.0538,pg_toast,pg_toast_2619,0,0,9126,30539,517,0,321,0,219,16,3053,12237,123,10647,,,,
1416329367.0538,pg_catalog,pg_authid,59,59,4538,4538,0,0,0,0,0,0,27,4570,134,8942,,,,
1416329367.0538,pg_catalog,pg_default_acl,0,0,308,0,0,0,0,0,0,0,0,0,32,276,,,,
1416329367.0538,pg_catalog,pg_shdepend,0,0,435,77,0,0,0,0,0,0,35,42,133,456,,,,
1416329367.0538,pg_catalog,pg_constraint,0,0,31,16,15,0,16,0,7,16,8,84,16,151,0,0,0,0
1416329367.0538,information_schema,sql_implementation_info,0,0,,,0,0,0,0,0,0,0,0,,,0,0,0,0
1416329367.0538,pg_catalog,pg_index,355,28174,28423,39001,67,0,75,0,135,38,305,39459,175,32247,,,,
1416329367.0538,pg_catalog,pg_ts_dict,0,0,0,0,0,0,0,0,0,0,0,0,0,0,,,,
1416329367.0538,pg_toast,pg_toast_2604,0,0,0,0,0,0,0,0,0,0,0,0,0,0,,,,
1416329367.0538,pg_toast,pg_toast_12325,0,0,0,0,0,0,0,0,0,0,0,0,0,0,,,,
1416329367.0538,information_schema,sql_sizing,0,0,,,0,0,0,0,0,0,0,0,,,0,0,0,0
1416329367.0538,pg_catalog,pg_proc,0,0,19712,29200,0,0,0,0,0,0,1698,19622,841,42809,0,0,0,0
1416329427.05693,pg_catalog,pg_attrdef,0,0,0,0,0,0,0,0,0,0,0,0,0,0,0,0,0,0
1416329427.05693,pg_catalog,pg_db_role_setting,0,0,10688,0,0,0,0,0,0,0,0,0,28,10660,0,0,0,0
1416329427.05693,pg_catalog,pg_rowsecurity,0,0,0,0,0,0,0,0,0,0,0,0,0,0,,,,
1416329427.05693,pg_catalog,pg_description,0,0,358,0,0,0,0,0,0,0,0,0,93,700,0,0,0,0
1416329427.05693,public,time_statistics,0,0,,,1,0,0,0,1,0,1,0,,,,,,
1416329427.05693,pg_catalog,pg_foreign_data_wrapper,0,0,0,0,0,0,0,0,0,0,0,0,0,0,,,,
1416329427.05693,pg_catalog,pg_conversion,0,0,0,0,0,0,0,0,0,0,0,0,0,0,,,,
1416329427.05693,pg_catalog,pg_class,1338,300022,56764,51856,146,38,152,36,331,107,623,66973,500,118997,,,,
1416329427.05693,pg_catalog,pg_opfamily,0,0,0,0,0,0,0,0,0,0,0,0,0,0,,,,
1416329427.05693,public,region,2,10,0,0,5,0,0,0,5,0,1,3,0,0,,,,
1416329427.05693,pg_catalog,pg_auth_members,0,0,0,0,0,0,0,0,0,0,0,0,0,0,,,,
1416329427.05693,pg_catalog,pg_operator,0,0,17118,89669,0,0,0,0,0,0,474,62031,414,37132,,,,
1416329427.05693,pg_toast,pg_toast_12345,0,0,0,0,0,0,0,0,0,0,0,0,0,0,,,,
1416329427.05693,pg_catalog,pg_attribute,242,1650,46678,106315,572,18,584,18,2502,417,1741,52837,410,98038,,,,
1416329427.05693,pg_catalog,pg_tablespace,0,0,1591,1591,0,0,0,0,0,0,50,1541,104,3086,,,,
1416329427.05693,pg_catalog,pg_statistic,0,0,12609,12148,132,322,151,296,448,78,1394,11676,150,27028,3053,12240,123,10653
1416329427.05693,pg_catalog,pg_aggregate,0,0,1190,1190,0,0,0,0,0,0,94,1096,213,1860,,,,
1416329427.05693,pg_catalog,pg_inherits,0,0,77,0,0,0,0,0,0,0,0,0,33,44,,,,
1416329427.05693,pg_catalog,pg_enum,0,0,0,0,0,0,0,0,0,0,0,0,0,0,,,,
1416329427.05693,pg_toast,pg_toast_2396,0,0,0,0,0,0,0,0,0,0,0,0,0,0,,,,
1416329427.05693,pg_catalog,pg_pltemplate,0,0,0,0,0,0,0,0,0,0,0,0,0,0,,,,
1416329427.05693,pg_toast,pg_toast_2618,0,0,238,760,0,0,0,0,0,0,129,163,36,348,,,,
1416329427.05693,public,customer,6,9000000,0,0,1500000,0,0,0,1500000,0,68533,294857,0,0,,,,
1416329427.05693,pg_toast,pg_toast_3596,0,0,0,0,0,0,0,0,0,0,0,0,0,0,,,,
1416329427.05693,pg_toast,pg_toast_2606,0,0,0,0,0,0,0,0,0,0,0,0,0,0,,,,
1416329427.05693,pg_toast,pg_toast_2964,0,0,0,0,0,0,0,0,0,0,0,0,0,0,,,,
1416329427.05693,pg_toast,pg_toast_12330,0,0,0,0,0,0,0,0,0,0,0,0,0,0,,,,
1416329427.05693,pg_catalog,pg_database,459,1794,8867,8867,0,0,0,0,0,0,19,9307,127,14077,,,,
1416329427.05693,information_schema,sql_sizing_profiles,0,0,,,0,0,0,0,0,0,0,0,,,0,0,0,0
1416329427.05693,pg_toast,pg_toast_2620,0,0,0,0,0,0,0,0,0,0,0,0,0,0,,,,
1416329427.05693,pg_catalog,pg_depend,0,0,3238,3484,582,0,598,0,6669,909,510,4217,755,8422,,,,
1416329427.05693,pg_catalog,pg_language,0,0,0,0,0,0,0,0,0,0,0,0,0,0,,,,
1416329427.05693,public,part,6,12000000,0,0,2000000,0,0,0,2000000,0,79007,327715,0,0,,,,
1416329427.05693,pg_toast,pg_toast_12320,0,0,0,0,0,0,0,0,0,0,0,0,0,0,,,,
1416329427.05693,pg_catalog,pg_amproc,44,88,10048,15859,0,0,0,0,0,0,60,9892,89,22473,,,,
1416329427.05693,pg_catalog,pg_collation,0,0,0,0,0,0,0,0,0,0,0,0,0,0,,,,
1416329427.05693,public,nation,2,50,0,0,25,0,0,0,25,0,1,3,0,0,,,,
1416329427.05693,pg_catalog,pg_range,0,0,533,0,0,0,0,0,0,0,0,0,204,862,,,,
1416329427.05693,pg_toast,pg_toast_2609,0,0,0,0,0,0,0,0,0,0,0,0,0,0,,,,
1416329427.05693,pg_catalog,pg_opclass,44,44,13794,154268,0,0,0,0,0,0,93,61121,207,17020,,,,
1416329427.05693,information_schema,sql_packages,0,0,,,0,0,0,0,0,0,0,0,,,0,0,0,0
1416329427.05693,pg_catalog,pg_rewrite,0,0,558,444,38,0,38,0,111,8,300,520,124,828,129,163,72,696
1416329427.05693,pg_toast,pg_toast_1255,0,0,0,0,0,0,0,0,0,0,0,0,0,0,,,,
1416329427.05693,pg_catalog,pg_seclabel,0,0,358,0,0,0,0,0,0,0,0,0,30,328,0,0,0,0
1416329427.05693,pg_toast,pg_toast_12335,0,0,0,0,0,0,0,0,0,0,0,0,0,0,,,,
1416329427.05693,pg_catalog,pg_ts_parser,0,0,0,0,0,0,0,0,0,0,0,0,0,0,,,,
1416329427.05693,pg_catalog,pg_trigger,0,0,0,0,0,0,0,0,0,0,0,0,0,0,0,0,0,0
1416329427.05693,public,orders,4,60000000,0,0,15000000,0,0,0,15000000,0,504554,1558780,0,0,,,,
1416329427.05693,pg_toast,pg_toast_12340,0,0,0,0,0,0,0,0,0,0,0,0,0,0,,,,
1416329427.05693,pg_catalog,pg_shseclabel,0,0,0,0,0,0,0,0,0,0,0,0,0,0,,,,
1416329427.05693,pg_catalog,pg_event_trigger,0,0,147,0,0,0,0,0,0,0,0,0,35,112,,,,
1416329427.05693,information_schema,sql_features,0,0,,,0,0,0,0,0,0,0,0,,,0,0,0,0
1416329427.05693,information_schema,sql_languages,0,0,,,0,0,0,0,0,0,0,0,,,0,0,0,0
1416329427.05693,pg_catalog,pg_foreign_table,0,0,0,0,0,0,0,0,0,0,0,0,0,0,,,,
1416329427.05693,public,supplier,4,400000,0,0,100000,0,0,0,100000,0,2312,15648,0,0,,,,
1416329427.05693,pg_catalog,pg_extension,0,0,0,0,0,0,0,0,0,0,0,0,0,0,,,,
1416329427.05693,pg_catalog,pg_ts_config,0,0,0,0,0,0,0,0,0,0,0,0,0,0,,,,
1416329427.05693,pg_catalog,pg_shdescription,0,0,0,0,0,0,0,0,0,0,0,0,0,0,0,0,0,0
1416329427.05693,pg_catalog,pg_cast,0,0,75626,17916,0,0,0,0,0,0,94,17822,60,77732,,,,
1416329427.05693,pg_catalog,pg_amop,0,0,20125,29236,0,0,0,0,0,0,136,29100,324,42575,,,,
1416329427.05693,pg_catalog,pg_user_mapping,0,0,0,0,0,0,0,0,0,0,0,0,0,0,,,,
1416329427.05693,public,lineitem,2,119972104,0,0,59986052,0,0,0,59986052,0,2131908,3372491,0,0,,,,
1416329427.05693,pg_toast,pg_toast_12315,0,0,0,0,0,0,0,0,0,0,0,0,0,0,,,,
1416329427.05693,pg_catalog,pg_type,0,0,53091,52535,152,0,152,0,360,91,366,52851,539,109197,,,,
1416329427.05693,pg_catalog,pg_largeobject,0,0,0,0,0,0,0,0,0,0,0,0,0,0,,,,
1416329427.05693,information_schema,sql_parts,0,0,,,0,0,0,0,0,0,0,0,,,0,0,0,0
1416329427.05693,pg_catalog,pg_ts_config_map,0,0,0,0,0,0,0,0,0,0,0,0,0,0,,,,
1416329427.05693,pg_catalog,pg_largeobject_metadata,0,0,0,0,0,0,0,0,0,0,0,0,0,0,,,,
1416329427.05693,pg_catalog,pg_am,2535,2535,0,0,0,0,0,0,0,0,33,2502,0,0,,,,
1416329427.05693,pg_catalog,pg_ts_template,0,0,0,0,0,0,0,0,0,0,0,0,0,0,,,,
1416329427.05693,pg_catalog,pg_foreign_server,0,0,0,0,0,0,0,0,0,0,0,0,0,0,,,,
1416329427.05693,pg_catalog,pg_namespace,100,8400,12758,10508,0,0,0,0,0,0,48,10660,151,15041,,,,
1416329427.05693,public,partsupp,3,24000000,0,0,8000000,0,0,0,8000000,0,340611,954509,0,0,,,,
1416329427.05693,pg_toast,pg_toast_2619,0,0,9129,30545,517,0,321,0,219,16,3053,12240,123,10653,,,,
1416329427.05693,pg_catalog,pg_authid,60,60,4548,4548,0,0,0,0,0,0,27,4581,134,8962,,,,
1416329427.05693,pg_catalog,pg_default_acl,0,0,308,0,0,0,0,0,0,0,0,0,32,276,,,,
1416329427.05693,pg_catalog,pg_shdepend,0,0,435,77,0,0,0,0,0,0,35,42,133,456,,,,
1416329427.05693,pg_catalog,pg_constraint,0,0,31,16,15,0,16,0,7,16,8,84,16,151,0,0,0,0
1416329427.05693,information_schema,sql_implementation_info,0,0,,,0,0,0,0,0,0,0,0,,,0,0,0,0
1416329427.05693,pg_catalog,pg_index,360,28849,28477,39076,69,0,75,0,137,38,305,39556,175,32314,,,,
1416329427.05693,pg_catalog,pg_ts_dict,0,0,0,0,0,0,0,0,0,0,0,0,0,0,,,,
1416329427.05693,pg_toast,pg_toast_2604,0,0,0,0,0,0,0,0,0,0,0,0,0,0,,,,
1416329427.05693,pg_toast,pg_toast_12325,0,0,0,0,0,0,0,0,0,0,0,0,0,0,,,,
1416329427.05693,information_schema,sql_sizing,0,0,,,0,0,0,0,0,0,0,0,,,0,0,0,0
1416329427.05693,pg_catalog,pg_proc,0,0,19786,29302,0,0,0,0,0,0,1699,19711,841,42967,0,0,0,0
1416329487.0578,pg_catalog,pg_attrdef,0,0,0,0,0,0,0,0,0,0,0,0,0,0,0,0,0,0
1416329487.0578,pg_catalog,pg_db_role_setting,0,0,10716,0,0,0,0,0,0,0,0,0,28,10688,0,0,0,0
1416329487.0578,pg_catalog,pg_rowsecurity,0,0,0,0,0,0,0,0,0,0,0,0,0,0,,,,
1416329487.0578,pg_catalog,pg_description,0,0,358,0,0,0,0,0,0,0,0,0,93,700,0,0,0,0
1416329487.0578,public,time_statistics,0,0,,,1,0,0,0,1,0,1,0,,,,,,
1416329487.0578,pg_catalog,pg_foreign_data_wrapper,0,0,0,0,0,0,0,0,0,0,0,0,0,0,,,,
1416329487.0578,pg_catalog,pg_conversion,0,0,0,0,0,0,0,0,0,0,0,0,0,0,,,,
1416329487.0578,pg_catalog,pg_class,1348,303018,57109,52201,146,38,152,36,331,107,623,67449,500,119706,,,,
1416329487.0578,pg_catalog,pg_opfamily,0,0,0,0,0,0,0,0,0,0,0,0,0,0,,,,
1416329487.0578,public,region,2,10,0,0,5,0,0,0,5,0,1,3,0,0,,,,
1416329487.0578,pg_catalog,pg_auth_members,0,0,0,0,0,0,0,0,0,0,0,0,0,0,,,,
1416329487.0578,pg_catalog,pg_operator,0,0,17135,89686,0,0,0,0,0,0,474,62048,414,37174,,,,
1416329487.0578,pg_toast,pg_toast_12345,0,0,0,0,0,0,0,0,0,0,0,0,0,0,,,,
1416329487.0578,pg_catalog,pg_attribute,242,1650,46890,106668,572,18,584,18,2502,417,1741,53059,410,98473,,,,
1416329487.0578,pg_catalog,pg_tablespace,0,0,1596,1596,0,0,0,0,0,0,50,1546,104,3096,,,,
1416329487.0578,pg_catalog,pg_statistic,0,0,12634,12167,132,322,151,296,448,78,1394,11695,150,27083,3053,12243,123,10659
1416329487.0578,pg_catalog,pg_aggregate,0,0,1191,1191,0,0,0,0,0,0,94,1097,213,1862,,,,
1416329487.0578,pg_catalog,pg_inherits,0,0,77,0,0,0,0,0,0,0,0,0,33,44,,,,
1416329487.0578,pg_catalog,pg_enum,0,0,0,0,0,0,0,0,0,0,0,0,0,0,,,,
1416329487.0578,pg_toast,pg_toast_2396,0,0,0,0,0,0,0,0,0,0,0,0,0,0,,,,
1416329487.0578,pg_catalog,pg_pltemplate,0,0,0,0,0,0,0,0,0,0,0,0,0,0,,,,
1416329487.0578,pg_toast,pg_toast_2618,0,0,243,776,0,0,0,0,0,0,129,169,36,356,,,,
1416329487.0578,public,customer,6,9000000,0,0,1500000,0,0,0,1500000,0,68533,294857,0,0,,,,
1416329487.0578,pg_toast,pg_toast_3596,0,0,0,0,0,0,0,0,0,0,0,0,0,0,,,,
1416329487.0578,pg_toast,pg_toast_2606,0,0,0,0,0,0,0,0,0,0,0,0,0,0,,,,
1416329487.0578,pg_toast,pg_toast_2964,0,0,0,0,0,0,0,0,0,0,0,0,0,0,,,,
1416329487.0578,pg_toast,pg_toast_12330,0,0,0,0,0,0,0,0,0,0,0,0,0,0,,,,
1416329487.0578,pg_catalog,pg_database,462,1806,8901,8901,0,0,0,0,0,0,19,9344,127,14125,,,,
1416329487.0578,information_schema,sql_sizing_profiles,0,0,,,0,0,0,0,0,0,0,0,,,0,0,0,0
1416329487.0578,pg_toast,pg_toast_2620,0,0,0,0,0,0,0,0,0,0,0,0,0,0,,,,
1416329487.0578,pg_catalog,pg_depend,0,0,3238,3484,582,0,598,0,6669,909,510,4217,755,8422,,,,
1416329487.0578,pg_catalog,pg_language,0,0,0,0,0,0,0,0,0,0,0,0,0,0,,,,
1416329487.0578,public,part,6,12000000,0,0,2000000,0,0,0,2000000,0,79007,327715,0,0,,,,
1416329487.0578,pg_toast,pg_toast_12320,0,0,0,0,0,0,0,0,0,0,0,0,0,0,,,,
1416329487.0578,pg_catalog,pg_amproc,44,88,10068,15892,0,0,0,0,0,0,60,9912,89,22522,,,,
1416329487.0578,pg_catalog,pg_collation,0,0,0,0,0,0,0,0,0,0,0,0,0,0,,,,
1416329487.0578,public,nation,2,50,0,0,25,0,0,0,25,0,1,3,0,0,,,,
1416329487.0578,pg_catalog,pg_range,0,0,533,0,0,0,0,0,0,0,0,0,204,862,,,,
1416329487.0578,pg_toast,pg_toast_2609,0,0,0,0,0,0,0,0,0,0,0,0,0,0,,,,
1416329487.0578,pg_catalog,pg_opclass,44,44,13815,154456,0,0,0,0,0,0,93,61194,207,17053,,,,
1416329487.0578,information_schema,sql_packages,0,0,,,0,0,0,0,0,0,0,0,,,0,0,0,0
1416329487.0578,pg_catalog,pg_rewrite,0,0,565,451,38,0,38,0,111,8,300,527,124,840,129,169,72,712
1416329487.0578,pg_toast,pg_toast_1255,0,0,0,0,0,0,0,0,0,0,0,0,0,0,,,,
1416329487.0578,pg_catalog,pg_seclabel,0,0,358,0,0,0,0,0,0,0,0,0,30,328,0,0,0,0
1416329487.0578,pg_toast,pg_toast_12335,0,0,0,0,0,0,0,0,0,0,0,0,0,0,,,,
1416329487.0578,pg_catalog,pg_ts_parser,0,0,0,0,0,0,0,0,0,0,0,0,0,0,,,,
1416329487.0578,pg_catalog,pg_trigger,0,0,0,0,0,0,0,0,0,0,0,0,0,0,0,0,0,0
1416329487.0578,public,orders,4,60000000,0,0,15000000,0,0,0,15000000,0,504554,1558780,0,0,,,,
1416329487.0578,pg_toast,pg_toast_12340,0,0,0,0,0,0,0,0,0,0,0,0,0,0,,,,
1416329487.0578,pg_catalog,pg_shseclabel,0,0,0,0,0,0,0,0,0,0,0,0,0,0,,,,
1416329487.0578,pg_catalog,pg_event_trigger,0,0,147,0,0,0,0,0,0,0,0,0,35,112,,,,
1416329487.0578,information_schema,sql_features,0,0,,,0,0,0,0,0,0,0,0,,,0,0,0,0
1416329487.0578,information_schema,sql_languages,0,0,,,0,0,0,0,0,0,0,0,,,0,0,0,0
1416329487.0578,pg_catalog,pg_foreign_table,0,0,0,0,0,0,0,0,0,0,0,0,0,0,,,,
1416329487.0578,public,supplier,4,400000,0,0,100000,0,0,0,100000,0,2312,15648,0,0,,,,
1416329487.0578,pg_catalog,pg_extension,0,0,0,0,0,0,0,0,0,0,0,0,0,0,,,,
1416329487.0578,pg_catalog,pg_ts_config,0,0,0,0,0,0,0,0,0,0,0,0,0,0,,,,
1416329487.0578,pg_catalog,pg_shdescription,0,0,0,0,0,0,0,0,0,0,0,0,0,0,0,0,0,0
1416329487.0578,pg_catalog,pg_cast,0,0,75695,17944,0,0,0,0,0,0,94,17850,60,77806,,,,
1416329487.0578,pg_catalog,pg_amop,0,0,20158,29277,0,0,0,0,0,0,136,29141,324,42649,,,,
1416329487.0578,pg_catalog,pg_user_mapping,0,0,0,0,0,0,0,0,0,0,0,0,0,0,,,,
1416329487.0578,public,lineitem,2,119972104,0,0,59986052,0,0,0,59986052,0,2131908,3372491,0,0,,,,
1416329487.0578,pg_toast,pg_toast_12315,0,0,0,0,0,0,0,0,0,0,0,0,0,0,,,,
1416329487.0578,pg_catalog,pg_type,0,0,53183,52627,152,0,152,0,360,91,366,52943,539,109386,,,,
1416329487.0578,pg_catalog,pg_largeobject,0,0,0,0,0,0,0,0,0,0,0,0,0,0,,,,
1416329487.0578,information_schema,sql_parts,0,0,,,0,0,0,0,0,0,0,0,,,0,0,0,0
1416329487.0578,pg_catalog,pg_ts_config_map,0,0,0,0,0,0,0,0,0,0,0,0,0,0,,,,
1416329487.0578,pg_catalog,pg_largeobject_metadata,0,0,0,0,0,0,0,0,0,0,0,0,0,0,,,,
1416329487.0578,pg_catalog,pg_am,2544,2544,0,0,0,0,0,0,0,0,33,2511,0,0,,,,
1416329487.0578,pg_catalog,pg_ts_template,0,0,0,0,0,0,0,0,0,0,0,0,0,0,,,,
1416329487.0578,pg_catalog,pg_foreign_server,0,0,0,0,0,0,0,0,0,0,0,0,0,0,,,,
1416329487.0578,pg_catalog,pg_namespace,102,8568,12911,10656,0,0,0,0,0,0,48,10812,151,15202,,,,
1416329487.0578,public,partsupp,3,24000000,0,0,8000000,0,0,0,8000000,0,340611,954509,0,0,,,,
1416329487.0578,pg_toast,pg_toast_2619,0,0,9132,30551,517,0,321,0,219,16,3053,12243,123,10659,,,,
1416329487.0578,pg_catalog,pg_authid,61,61,4558,4558,0,0,0,0,0,0,27,4592,134,8982,,,,
1416329487.0578,pg_catalog,pg_default_acl,0,0,308,0,0,0,0,0,0,0,0,0,32,276,,,,
1416329487.0578,pg_catalog,pg_shdepend,0,0,435,77,0,0,0,0,0,0,35,42,133,456,,,,
1416329487.0578,pg_catalog,pg_constraint,0,0,31,16,15,0,16,0,7,16,8,84,16,151,0,0,0,0
1416329487.0578,information_schema,sql_implementation_info,0,0,,,0,0,0,0,0,0,0,0,,,0,0,0,0
1416329487.0578,pg_catalog,pg_index,365,29534,28524,39136,69,0,75,0,137,38,305,39638,175,32375,,,,
1416329487.0578,pg_catalog,pg_ts_dict,0,0,0,0,0,0,0,0,0,0,0,0,0,0,,,,
1416329487.0578,pg_toast,pg_toast_2604,0,0,0,0,0,0,0,0,0,0,0,0,0,0,,,,
1416329487.0578,pg_toast,pg_toast_12325,0,0,0,0,0,0,0,0,0,0,0,0,0,0,,,,
1416329487.0578,information_schema,sql_sizing,0,0,,,0,0,0,0,0,0,0,0,,,0,0,0,0
1416329487.0578,pg_catalog,pg_proc,0,0,19864,29415,0,0,0,0,0,0,1699,19809,841,43133,0,0,0,0
1416329547.06007,pg_catalog,pg_attrdef,0,0,0,0,0,0,0,0,0,0,0,0,0,0,0,0,0,0
1416329547.06007,pg_catalog,pg_db_role_setting,0,0,10744,0,0,0,0,0,0,0,0,0,28,10716,0,0,0,0
1416329547.06007,pg_catalog,pg_rowsecurity,0,0,0,0,0,0,0,0,0,0,0,0,0,0,,,,
1416329547.06007,pg_catalog,pg_description,0,0,358,0,0,0,0,0,0,0,0,0,93,700,0,0,0,0
1416329547.06007,public,time_statistics,0,0,,,1,0,0,0,1,0,1,0,,,,,,
1416329547.06007,pg_catalog,pg_foreign_data_wrapper,0,0,0,0,0,0,0,0,0,0,0,0,0,0,,,,
1416329547.06007,pg_catalog,pg_conversion,0,0,0,0,0,0,0,0,0,0,0,0,0,0,,,,
1416329547.06007,pg_catalog,pg_class,1358,306014,57442,52534,146,38,152,36,331,107,623,67913,500,120385,,,,
1416329547.06007,pg_catalog,pg_opfamily,0,0,0,0,0,0,0,0,0,0,0,0,0,0,,,,
1416329547.06007,public,region,2,10,0,0,5,0,0,0,5,0,1,3,0,0,,,,
1416329547.06007,pg_catalog,pg_auth_members,0,0,0,0,0,0,0,0,0,0,0,0,0,0,,,,
1416329547.06007,pg_catalog,pg_operator,0,0,17152,89703,0,0,0,0,0,0,474,62065,414,37216,,,,
1416329547.06007,pg_toast,pg_toast_12345,0,0,0,0,0,0,0,0,0,0,0,0,0,0,,,,
1416329547.06007,pg_catalog,pg_attribute,242,1650,47090,106991,572,18,584,18,2502,417,1741,53263,410,98878,,,,
1416329547.06007,pg_catalog,pg_tablespace,0,0,1601,1601,0,0,0,0,0,0,50,1551,104,3106,,,,
1416329547.06007,pg_catalog,pg_statistic,0,0,12659,12186,132,322,151,296,448,78,1394,11714,150,27138,3053,12246,123,10665
1416329547.06007,pg_catalog,pg_aggregate,0,0,1192,1192,0,0,0,0,0,0,94,1098,213,1864,,,,
1416329547.06007,pg_catalog,pg_inherits,0,0,77,0,0,0,0,0,0,0,0,0,33,44,,,,
1416329547.06007,pg_catalog,pg_enum,0,0,0,0,0,0,0,0,0,0,0,0,0,0,,,,
1416329547.06007,pg_toast,pg_toast_2396,0,0,0,0,0,0,0,0,0,0,0,0,0,0,,,,
1416329547.06007,pg_catalog,pg_pltemplate,0,0,0,0,0,0,0,0,0,0,0,0,0,0,,,,
1416329547.06007,pg_toast,pg_toast_2618,0,0,248,792,0,0,0,0,0,0,129,175,36,364,,,,
1416329547.06007,public,customer,6,9000000,0,0,1500000,0,0,0,1500000,0,68533,294857,0,0,,,,
1416329547.06007,pg_toast,pg_toast_3596,0,0,0,0,0,0,0,0,0,0,0,0,0,0,,,,
1416329547.06007,pg_toast,pg_toast_2606,0,0,0,0,0,0,0,0,0,0,0,0,0,0,,,,
1416329547.06007,pg_toast,pg_toast_2964,0,0,0,0,0,0,0,0,0,0,0,0,0,0,,,,
1416329547.06007,pg_toast,pg_toast_12330,0,0,0,0,0,0,0,0,0,0,0,0,0,0,,,,
1416329547.06007,pg_catalog,pg_database,465,1818,8935,8935,0,0,0,0,0,0,19,9381,127,14173,,,,
1416329547.06007,information_schema,sql_sizing_profiles,0,0,,,0,0,0,0,0,0,0,0,,,0,0,0,0
1416329547.06007,pg_toast,pg_toast_2620,0,0,0,0,0,0,0,0,0,0,0,0,0,0,,,,
1416329547.06007,pg_catalog,pg_depend,0,0,3238,3484,582,0,598,0,6669,909,510,4217,755,8422,,,,
1416329547.06007,pg_catalog,pg_language,0,0,0,0,0,0,0,0,0,0,0,0,0,0,,,,
1416329547.06007,public,part,6,12000000,0,0,2000000,0,0,0,2000000,0,79007,327715,0,0,,,,
1416329547.06007,pg_toast,pg_toast_12320,0,0,0,0,0,0,0,0,0,0,0,0,0,0,,,,
1416329547.06007,pg_catalog,pg_amproc,44,88,10082,15913,0,0,0,0,0,0,60,9926,89,22553,,,,
1416329547.06007,pg_catalog,pg_collation,0,0,0,0,0,0,0,0,0,0,0,0,0,0,,,,
1416329547.06007,public,nation,2,50,0,0,25,0,0,0,25,0,1,3,0,0,,,,
1416329547.06007,pg_catalog,pg_range,0,0,533,0,0,0,0,0,0,0,0,0,204,862,,,,
1416329547.06007,pg_toast,pg_toast_2609,0,0,0,0,0,0,0,0,0,0,0,0,0,0,,,,
1416329547.06007,pg_catalog,pg_opclass,44,44,13830,154638,0,0,0,0,0,0,93,61261,207,17074,,,,
1416329547.06007,information_schema,sql_packages,0,0,,,0,0,0,0,0,0,0,0,,,0,0,0,0
1416329547.06007,pg_catalog,pg_rewrite,0,0,572,458,38,0,38,0,111,8,300,534,124,852,129,175,72,728
1416329547.06007,pg_toast,pg_toast_1255,0,0,0,0,0,0,0,0,0,0,0,0,0,0,,,,
1416329547.06007,pg_catalog,pg_seclabel,0,0,358,0,0,0,0,0,0,0,0,0,30,328,0,0,0,0
1416329547.06007,pg_toast,pg_toast_12335,0,0,0,0,0,0,0,0,0,0,0,0,0,0,,,,
1416329547.06007,pg_catalog,pg_ts_parser,0,0,0,0,0,0,0,0,0,0,0,0,0,0,,,,
1416329547.06007,pg_catalog,pg_trigger,0,0,0,0,0,0,0,0,0,0,0,0,0,0,0,0,0,0
1416329547.06007,public,orders,4,60000000,0,0,15000000,0,0,0,15000000,0,504554,1558780,0,0,,,,
1416329547.06007,pg_toast,pg_toast_12340,0,0,0,0,0,0,0,0,0,0,0,0,0,0,,,,
1416329547.06007,pg_catalog,pg_shseclabel,0,0,0,0,0,0,0,0,0,0,0,0,0,0,,,,
1416329547.06007,pg_catalog,pg_event_trigger,0,0,147,0,0,0,0,0,0,0,0,0,35,112,,,,
1416329547.06007,information_schema,sql_features,0,0,,,0,0,0,0,0,0,0,0,,,0,0,0,0
1416329547.06007,information_schema,sql_languages,0,0,,,0,0,0,0,0,0,0,0,,,0,0,0,0
1416329547.06007,pg_catalog,pg_foreign_table,0,0,0,0,0,0,0,0,0,0,0,0,0,0,,,,
1416329547.06007,public,supplier,4,400000,0,0,100000,0,0,0,100000,0,2312,15648,0,0,,,,
1416329547.06007,pg_catalog,pg_extension,0,0,0,0,0,0,0,0,0,0,0,0,0,0,,,,
1416329547.06007,pg_catalog,pg_ts_config,0,0,0,0,0,0,0,0,0,0,0,0,0,0,,,,
1416329547.06007,pg_catalog,pg_shdescription,0,0,0,0,0,0,0,0,0,0,0,0,0,0,0,0,0,0
1416329547.06007,pg_catalog,pg_cast,0,0,75764,17972,0,0,0,0,0,0,94,17878,60,77880,,,,
1416329547.06007,pg_catalog,pg_amop,0,0,20191,29318,0,0,0,0,0,0,136,29182,324,42723,,,,
1416329547.06007,pg_catalog,pg_user_mapping,0,0,0,0,0,0,0,0,0,0,0,0,0,0,,,,
1416329547.06007,public,lineitem,2,119972104,0,0,59986052,0,0,0,59986052,0,2131908,3372491,0,0,,,,
1416329547.06007,pg_toast,pg_toast_12315,0,0,0,0,0,0,0,0,0,0,0,0,0,0,,,,
1416329547.06007,pg_catalog,pg_type,0,0,53275,52719,152,0,152,0,360,91,366,53035,539,109575,,,,
1416329547.06007,pg_catalog,pg_largeobject,0,0,0,0,0,0,0,0,0,0,0,0,0,0,,,,
1416329547.06007,information_schema,sql_parts,0,0,,,0,0,0,0,0,0,0,0,,,0,0,0,0
1416329547.06007,pg_catalog,pg_ts_config_map,0,0,0,0,0,0,0,0,0,0,0,0,0,0,,,,
1416329547.06007,pg_catalog,pg_largeobject_metadata,0,0,0,0,0,0,0,0,0,0,0,0,0,0,,,,
1416329547.06007,pg_catalog,pg_am,2547,2547,0,0,0,0,0,0,0,0,33,2514,0,0,,,,
1416329547.06007,pg_catalog,pg_ts_template,0,0,0,0,0,0,0,0,0,0,0,0,0,0,,,,
1416329547.06007,pg_catalog,pg_foreign_server,0,0,0,0,0,0,0,0,0,0,0,0,0,0,,,,
1416329547.06007,pg_catalog,pg_namespace,104,8736,13064,10804,0,0,0,0,0,0,48,10964,151,15363,,,,
1416329547.06007,public,partsupp,3,24000000,0,0,8000000,0,0,0,8000000,0,340611,954509,0,0,,,,
1416329547.06007,pg_toast,pg_toast_2619,0,0,9135,30557,517,0,321,0,219,16,3053,12246,123,10665,,,,
1416329547.06007,pg_catalog,pg_authid,62,62,4568,4568,0,0,0,0,0,0,27,4603,134,9002,,,,
1416329547.06007,pg_catalog,pg_default_acl,0,0,308,0,0,0,0,0,0,0,0,0,32,276,,,,
1416329547.06007,pg_catalog,pg_shdepend,0,0,435,77,0,0,0,0,0,0,35,42,133,456,,,,
1416329547.06007,pg_catalog,pg_constraint,0,0,31,16,15,0,16,0,7,16,8,84,16,151,0,0,0,0
1416329547.06007,information_schema,sql_implementation_info,0,0,,,0,0,0,0,0,0,0,0,,,0,0,0,0
1416329547.06007,pg_catalog,pg_index,370,30219,28565,39190,69,0,75,0,137,38,305,39714,175,32424,,,,
1416329547.06007,pg_catalog,pg_ts_dict,0,0,0,0,0,0,0,0,0,0,0,0,0,0,,,,
1416329547.06007,pg_toast,pg_toast_2604,0,0,0,0,0,0,0,0,0,0,0,0,0,0,,,,
1416329547.06007,pg_toast,pg_toast_12325,0,0,0,0,0,0,0,0,0,0,0,0,0,0,,,,
1416329547.06007,information_schema,sql_sizing,0,0,,,0,0,0,0,0,0,0,0,,,0,0,0,0
1416329547.06007,pg_catalog,pg_proc,0,0,19942,29528,0,0,0,0,0,0,1699,19907,841,43299,0,0,0,0
1416329607.06192,pg_catalog,pg_attrdef,0,0,0,0,0,0,0,0,0,0,0,0,0,0,0,0,0,0
1416329607.06192,pg_catalog,pg_db_role_setting,0,0,10772,0,0,0,0,0,0,0,0,0,28,10744,0,0,0,0
1416329607.06192,pg_catalog,pg_rowsecurity,0,0,0,0,0,0,0,0,0,0,0,0,0,0,,,,
1416329607.06192,pg_catalog,pg_description,0,0,358,0,0,0,0,0,0,0,0,0,93,700,0,0,0,0
1416329607.06192,public,time_statistics,0,0,,,1,0,0,0,1,0,1,0,,,,,,
1416329607.06192,pg_catalog,pg_foreign_data_wrapper,0,0,0,0,0,0,0,0,0,0,0,0,0,0,,,,
1416329607.06192,pg_catalog,pg_conversion,0,0,0,0,0,0,0,0,0,0,0,0,0,0,,,,
1416329607.06192,pg_catalog,pg_class,1369,309345,57814,52903,147,38,152,36,332,107,623,68432,500,121158,,,,
1416329607.06192,pg_catalog,pg_opfamily,0,0,0,0,0,0,0,0,0,0,0,0,0,0,,,,
1416329607.06192,public,region,2,10,0,0,5,0,0,0,5,0,1,3,0,0,,,,
1416329607.06192,pg_catalog,pg_auth_members,0,0,0,0,0,0,0,0,0,0,0,0,0,0,,,,
1416329607.06192,pg_catalog,pg_operator,0,0,17171,89722,0,0,0,0,0,0,474,62084,414,37264,,,,
1416329607.06192,pg_toast,pg_toast_12345,0,0,0,0,0,0,0,0,0,0,0,0,0,0,,,,
1416329607.06192,pg_catalog,pg_attribute,242,1650,47326,107459,575,18,584,18,2505,417,1741,53516,410,99374,,,,
1416329607.06192,pg_catalog,pg_tablespace,0,0,1606,1606,0,0,0,0,0,0,50,1556,104,3116,,,,
1416329607.06192,pg_catalog,pg_statistic,0,0,12687,12208,132,322,151,296,448,78,1394,11736,150,27200,3053,12250,123,10673
1416329607.06192,pg_catalog,pg_aggregate,0,0,1193,1193,0,0,0,0,0,0,94,1099,213,1866,,,,
1416329607.06192,pg_catalog,pg_inherits,0,0,77,0,0,0,0,0,0,0,0,0,33,44,,,,
1416329607.06192,pg_catalog,pg_enum,0,0,0,0,0,0,0,0,0,0,0,0,0,0,,,,
1416329607.06192,pg_toast,pg_toast_2396,0,0,0,0,0,0,0,0,0,0,0,0,0,0,,,,
1416329607.06192,pg_catalog,pg_pltemplate,0,0,0,0,0,0,0,0,0,0,0,0,0,0,,,,
1416329607.06192,pg_toast,pg_toast_2618,0,0,253,808,0,0,0,0,0,0,129,181,36,372,,,,
1416329607.06192,public,customer,6,9000000,0,0,1500000,0,0,0,1500000,0,68533,294857,0,0,,,,
1416329607.06192,pg_toast,pg_toast_3596,0,0,0,0,0,0,0,0,0,0,0,0,0,0,,,,
1416329607.06192,pg_toast,pg_toast_2606,0,0,0,0,0,0,0,0,0,0,0,0,0,0,,,,
1416329607.06192,pg_toast,pg_toast_2964,0,0,0,0,0,0,0,0,0,0,0,0,0,0,,,,
1416329607.06192,pg_toast,pg_toast_12330,0,0,0,0,0,0,0,0,0,0,0,0,0,0,,,,
1416329607.06192,pg_catalog,pg_database,468,1830,8969,8969,0,0,0,0,0,0,19,9418,127,14221,,,,
1416329607.06192,information_schema,sql_sizing_profiles,0,0,,,0,0,0,0,0,0,0,0,,,0,0,0,0
1416329607.06192,pg_toast,pg_toast_2620,0,0,0,0,0,0,0,0,0,0,0,0,0,0,,,,
1416329607.06192,pg_catalog,pg_depend,0,0,3244,3490,585,0,598,0,6672,909,510,4229,755,8448,,,,
1416329607.06192,pg_catalog,pg_language,0,0,0,0,0,0,0,0,0,0,0,0,0,0,,,,
1416329607.06192,public,part,6,12000000,0,0,2000000,0,0,0,2000000,0,79007,327715,0,0,,,,
1416329607.06192,pg_toast,pg_toast_12320,0,0,0,0,0,0,0,0,0,0,0,0,0,0,,,,
1416329607.06192,pg_catalog,pg_amproc,44,88,10109,15956,0,0,0,0,0,0,60,9953,89,22616,,,,
1416329607.06192,pg_catalog,pg_collation,0,0,0,0,0,0,0,0,0,0,0,0,0,0,,,,
1416329607.06192,public,nation,2,50,0,0,25,0,0,0,25,0,1,3,0,0,,,,
1416329607.06192,pg_catalog,pg_range,0,0,533,0,0,0,0,0,0,0,0,0,204,862,,,,
1416329607.06192,pg_toast,pg_toast_2609,0,0,0,0,0,0,0,0,0,0,0,0,0,0,,,,
1416329607.06192,pg_catalog,pg_opclass,44,44,13865,155050,0,0,0,0,0,0,93,61412,207,17123,,,,
1416329607.06192,information_schema,sql_packages,0,0,,,0,0,0,0,0,0,0,0,,,0,0,0,0
1416329607.06192,pg_catalog,pg_rewrite,0,0,580,466,38,0,38,0,111,8,300,542,124,866,129,181,72,744
1416329607.06192,pg_toast,pg_toast_1255,0,0,0,0,0,0,0,0,0,0,0,0,0,0,,,,
1416329607.06192,pg_catalog,pg_seclabel,0,0,358,0,0,0,0,0,0,0,0,0,30,328,0,0,0,0
1416329607.06192,pg_toast,pg_toast_12335,0,0,0,0,0,0,0,0,0,0,0,0,0,0,,,,
1416329607.06192,pg_catalog,pg_ts_parser,0,0,0,0,0,0,0,0,0,0,0,0,0,0,,,,
1416329607.06192,pg_catalog,pg_trigger,0,0,0,0,0,0,0,0,0,0,0,0,0,0,0,0,0,0
1416329607.06192,public,orders,4,60000000,0,0,15000000,0,0,0,15000000,0,504554,1558780,0,0,,,,
1416329607.06192,pg_toast,pg_toast_12340,0,0,0,0,0,0,0,0,0,0,0,0,0,0,,,,
1416329607.06192,pg_catalog,pg_shseclabel,0,0,0,0,0,0,0,0,0,0,0,0,0,0,,,,
1416329607.06192,pg_catalog,pg_event_trigger,0,0,148,0,0,0,0,0,0,0,0,0,35,113,,,,
1416329607.06192,information_schema,sql_features,0,0,,,0,0,0,0,0,0,0,0,,,0,0,0,0
1416329607.06192,information_schema,sql_languages,0,0,,,0,0,0,0,0,0,0,0,,,0,0,0,0
1416329607.06192,pg_catalog,pg_foreign_table,0,0,0,0,0,0,0,0,0,0,0,0,0,0,,,,
1416329607.06192,public,supplier,4,400000,0,0,100000,0,0,0,100000,0,2312,15648,0,0,,,,
1416329607.06192,pg_catalog,pg_extension,0,0,0,0,0,0,0,0,0,0,0,0,0,0,,,,
1416329607.06192,pg_catalog,pg_ts_config,0,0,0,0,0,0,0,0,0,0,0,0,0,0,,,,
1416329607.06192,pg_catalog,pg_shdescription,0,0,0,0,0,0,0,0,0,0,0,0,0,0,0,0,0,0
1416329607.06192,pg_catalog,pg_cast,0,0,75888,18013,0,0,0,0,0,0,94,17919,60,78011,,,,
1416329607.06192,pg_catalog,pg_amop,0,0,20234,29371,0,0,0,0,0,0,136,29235,324,42819,,,,
1416329607.06192,pg_catalog,pg_user_mapping,0,0,0,0,0,0,0,0,0,0,0,0,0,0,,,,
1416329607.06192,public,lineitem,3,179958156,0,0,59986052,0,0,0,59986052,0,2401827,4167989,0,0,,,,
1416329607.06192,pg_toast,pg_toast_12315,0,0,0,0,0,0,0,0,0,0,0,0,0,0,,,,
1416329607.06192,pg_catalog,pg_type,0,0,53390,52834,152,0,152,0,360,91,366,53150,539,109812,,,,
1416329607.06192,pg_catalog,pg_largeobject,0,0,0,0,0,0,0,0,0,0,0,0,0,0,,,,
1416329607.06192,information_schema,sql_parts,0,0,,,0,0,0,0,0,0,0,0,,,0,0,0,0
1416329607.06192,pg_catalog,pg_ts_config_map,0,0,0,0,0,0,0,0,0,0,0,0,0,0,,,,
1416329607.06192,pg_catalog,pg_largeobject_metadata,0,0,0,0,0,0,0,0,0,0,0,0,0,0,,,,
1416329607.06192,pg_catalog,pg_am,2557,2557,0,0,0,0,0,0,0,0,33,2524,0,0,,,,
1416329607.06192,pg_catalog,pg_ts_template,0,0,0,0,0,0,0,0,0,0,0,0,0,0,,,,
1416329607.06192,pg_catalog,pg_foreign_server,0,0,0,0,0,0,0,0,0,0,0,0,0,0,,,,
1416329607.06192,pg_catalog,pg_namespace,106,8904,13222,10955,0,0,0,0,0,0,48,11119,151,15531,,,,
1416329607.06192,public,partsupp,3,24000000,0,0,8000000,0,0,0,8000000,0,340611,954509,0,0,,,,
1416329607.06192,pg_toast,pg_toast_2619,0,0,9139,30565,517,0,321,0,219,16,3053,12250,123,10673,,,,
1416329607.06192,pg_catalog,pg_authid,63,63,4578,4578,0,0,0,0,0,0,27,4614,134,9022,,,,
1416329607.06192,pg_catalog,pg_default_acl,0,0,308,0,0,0,0,0,0,0,0,0,32,276,,,,
1416329607.06192,pg_catalog,pg_shdepend,0,0,435,77,0,0,0,0,0,0,35,42,133,456,,,,
1416329607.06192,pg_catalog,pg_constraint,0,0,31,16,15,0,16,0,7,16,8,84,16,151,0,0,0,0
1416329607.06192,information_schema,sql_implementation_info,0,0,,,0,0,0,0,0,0,0,0,,,0,0,0,0
1416329607.06192,pg_catalog,pg_index,375,30904,28626,39271,70,0,75,0,138,38,305,39814,175,32503,,,,
1416329607.06192,pg_catalog,pg_ts_dict,0,0,0,0,0,0,0,0,0,0,0,0,0,0,,,,
1416329607.06192,pg_toast,pg_toast_2604,0,0,0,0,0,0,0,0,0,0,0,0,0,0,,,,
1416329607.06192,pg_toast,pg_toast_12325,0,0,0,0,0,0,0,0,0,0,0,0,0,0,,,,
1416329607.06192,information_schema,sql_sizing,0,0,,,0,0,0,0,0,0,0,0,,,0,0,0,0
1416329607.06192,pg_catalog,pg_proc,0,0,20026,29654,0,0,0,0,0,0,1699,20015,841,43479,0,0,0,0
1416329667.06343,pg_catalog,pg_attrdef,0,0,0,0,0,0,0,0,0,0,0,0,0,0,0,0,0,0
1416329667.06343,pg_catalog,pg_db_role_setting,0,0,10800,0,0,0,0,0,0,0,0,0,28,10772,0,0,0,0
1416329667.06343,pg_catalog,pg_rowsecurity,0,0,0,0,0,0,0,0,0,0,0,0,0,0,,,,
1416329667.06343,pg_catalog,pg_description,0,0,358,0,0,0,0,0,0,0,0,0,93,700,0,0,0,0
1416329667.06343,public,time_statistics,0,0,,,1,0,0,0,1,0,1,0,,,,,,
1416329667.06343,pg_catalog,pg_foreign_data_wrapper,0,0,0,0,0,0,0,0,0,0,0,0,0,0,,,,
1416329667.06343,pg_catalog,pg_conversion,0,0,0,0,0,0,0,0,0,0,0,0,0,0,,,,
1416329667.06343,pg_catalog,pg_class,1378,312021,58185,53268,149,38,152,36,334,107,623,68928,500,121930,,,,
1416329667.06343,pg_catalog,pg_opfamily,0,0,0,0,0,0,0,0,0,0,0,0,0,0,,,,
1416329667.06343,public,region,2,10,0,0,5,0,0,0,5,0,1,3,0,0,,,,
1416329667.06343,pg_catalog,pg_auth_members,0,0,0,0,0,0,0,0,0,0,0,0,0,0,,,,
1416329667.06343,pg_catalog,pg_operator,0,0,17188,89739,0,0,0,0,0,0,474,62101,414,37306,,,,
1416329667.06343,pg_toast,pg_toast_12345,0,0,0,0,0,0,0,0,0,0,0,0,0,0,,,,
1416329667.06343,pg_catalog,pg_attribute,242,1650,47550,107911,578,20,584,20,2508,419,1741,53760,410,99844,,,,
1416329667.06343,pg_catalog,pg_tablespace,0,0,1611,1611,0,0,0,0,0,0,50,1561,104,3126,,,,
1416329667.06343,pg_catalog,pg_statistic,0,0,12709,12224,132,322,151,296,448,78,1394,11752,150,27248,3053,12252,123,10677
1416329667.06343,pg_catalog,pg_aggregate,0,0,1194,1194,0,0,0,0,0,0,94,1100,213,1868,,,,
1416329667.06343,pg_catalog,pg_inherits,0,0,77,0,0,0,0,0,0,0,0,0,33,44,,,,
1416329667.06343,pg_catalog,pg_enum,0,0,0,0,0,0,0,0,0,0,0,0,0,0,,,,
1416329667.06343,pg_toast,pg_toast_2396,0,0,0,0,0,0,0,0,0,0,0,0,0,0,,,,
1416329667.06343,pg_catalog,pg_pltemplate,0,0,0,0,0,0,0,0,0,0,0,0,0,0,,,,
1416329667.06343,pg_toast,pg_toast_2618,0,0,258,824,0,0,0,0,0,0,129,187,36,380,,,,
1416329667.06343,public,customer,6,9000000,0,0,1500000,0,0,0,1500000,0,68533,294857,0,0,,,,
1416329667.06343,pg_toast,pg_toast_3596,0,0,0,0,0,0,0,0,0,0,0,0,0,0,,,,
1416329667.06343,pg_toast,pg_toast_2606,0,0,0,0,0,0,0,0,0,0,0,0,0,0,,,,
1416329667.06343,pg_toast,pg_toast_2964,0,0,0,0,0,0,0,0,0,0,0,0,0,0,,,,
1416329667.06343,pg_toast,pg_toast_12330,0,0,0,0,0,0,0,0,0,0,0,0,0,0,,,,
1416329667.06343,pg_catalog,pg_database,471,1842,9001,9001,0,0,0,0,0,0,19,9453,127,14267,,,,
1416329667.06343,information_schema,sql_sizing_profiles,0,0,,,0,0,0,0,0,0,0,0,,,0,0,0,0
1416329667.06343,pg_toast,pg_toast_2620,0,0,0,0,0,0,0,0,0,0,0,0,0,0,,,,
1416329667.06343,pg_catalog,pg_depend,0,0,3255,3500,592,0,598,0,6679,909,510,4252,755,8502,,,,
1416329667.06343,pg_catalog,pg_language,0,0,0,0,0,0,0,0,0,0,0,0,0,0,,,,
1416329667.06343,public,part,6,12000000,0,0,2000000,0,0,0,2000000,0,79007,327715,0,0,,,,
1416329667.06343,pg_toast,pg_toast_12320,0,0,0,0,0,0,0,0,0,0,0,0,0,0,,,,
1416329667.06343,pg_catalog,pg_amproc,44,88,10125,15984,0,0,0,0,0,0,60,9969,89,22654,,,,
1416329667.06343,pg_catalog,pg_collation,0,0,0,0,0,0,0,0,0,0,0,0,0,0,,,,
1416329667.06343,public,nation,2,50,0,0,25,0,0,0,25,0,1,3,0,0,,,,
1416329667.06343,pg_catalog,pg_range,0,0,533,0,0,0,0,0,0,0,0,0,204,862,,,,
1416329667.06343,pg_toast,pg_toast_2609,0,0,0,0,0,0,0,0,0,0,0,0,0,0,,,,
1416329667.06343,pg_catalog,pg_opclass,44,44,13886,155286,0,0,0,0,0,0,93,61493,207,17154,,,,
1416329667.06343,information_schema,sql_packages,0,0,,,0,0,0,0,0,0,0,0,,,0,0,0,0
1416329667.06343,pg_catalog,pg_rewrite,0,0,586,472,38,0,38,0,111,8,300,548,124,876,129,187,72,760
1416329667.06343,pg_toast,pg_toast_1255,0,0,0,0,0,0,0,0,0,0,0,0,0,0,,,,
1416329667.06343,pg_catalog,pg_seclabel,0,0,358,0,0,0,0,0,0,0,0,0,30,328,0,0,0,0
1416329667.06343,pg_toast,pg_toast_12335,0,0,0,0,0,0,0,0,0,0,0,0,0,0,,,,
1416329667.06343,pg_catalog,pg_ts_parser,0,0,0,0,0,0,0,0,0,0,0,0,0,0,,,,
1416329667.06343,pg_catalog,pg_trigger,0,0,0,0,0,0,0,0,0,0,0,0,0,0,0,0,0,0
1416329667.06343,public,orders,4,60000000,0,0,15000000,0,0,0,15000000,0,504554,1558780,0,0,,,,
1416329667.06343,pg_toast,pg_toast_12340,0,0,0,0,0,0,0,0,0,0,0,0,0,0,,,,
1416329667.06343,pg_catalog,pg_shseclabel,0,0,0,0,0,0,0,0,0,0,0,0,0,0,,,,
1416329667.06343,pg_catalog,pg_event_trigger,0,0,150,0,0,0,0,0,0,0,0,0,35,115,,,,
1416329667.06343,information_schema,sql_features,0,0,,,0,0,0,0,0,0,0,0,,,0,0,0,0
1416329667.06343,information_schema,sql_languages,0,0,,,0,0,0,0,0,0,0,0,,,0,0,0,0
1416329667.06343,pg_catalog,pg_foreign_table,0,0,0,0,0,0,0,0,0,0,0,0,0,0,,,,
1416329667.06343,public,supplier,4,400000,0,0,100000,0,0,0,100000,0,2312,15648,0,0,,,,
1416329667.06343,pg_catalog,pg_extension,0,0,0,0,0,0,0,0,0,0,0,0,0,0,,,,
1416329667.06343,pg_catalog,pg_ts_config,0,0,0,0,0,0,0,0,0,0,0,0,0,0,,,,
1416329667.06343,pg_catalog,pg_shdescription,0,0,0,0,0,0,0,0,0,0,0,0,0,0,0,0,0,0
1416329667.06343,pg_catalog,pg_cast,0,0,75954,18049,0,0,0,0,0,0,94,17955,60,78083,,,,
1416329667.06343,pg_catalog,pg_amop,0,0,20257,29400,0,0,0,0,0,0,136,29264,324,42871,,,,
1416329667.06343,pg_catalog,pg_user_mapping,0,0,0,0,0,0,0,0,0,0,0,0,0,0,,,,
1416329667.06343,public,lineitem,6,359916312,0,0,59986052,0,0,0,59986052,0,5547769,4218298,0,0,,,,
1416329667.06343,pg_toast,pg_toast_12315,0,0,0,0,0,0,0,0,0,0,0,0,0,0,,,,
1416329667.06343,pg_catalog,pg_type,0,0,53465,52909,152,0,152,0,360,91,366,53225,539,109968,,,,
1416329667.06343,pg_catalog,pg_largeobject,0,0,0,0,0,0,0,0,0,0,0,0,0,0,,,,
1416329667.06343,information_schema,sql_parts,0,0,,,0,0,0,0,0,0,0,0,,,0,0,0,0
1416329667.06343,pg_catalog,pg_ts_config_map,0,0,0,0,0,0,0,0,0,0,0,0,0,0,,,,
1416329667.06343,pg_catalog,pg_largeobject_metadata,0,0,0,0,0,0,0,0,0,0,0,0,0,0,,,,
1416329667.06343,pg_catalog,pg_am,2565,2565,0,0,0,0,0,0,0,0,33,2532,0,0,,,,
1416329667.06343,pg_catalog,pg_ts_template,0,0,0,0,0,0,0,0,0,0,0,0,0,0,,,,
1416329667.06343,pg_catalog,pg_foreign_server,0,0,0,0,0,0,0,0,0,0,0,0,0,0,,,,
1416329667.06343,pg_catalog,pg_namespace,108,9072,13377,11104,0,0,0,0,0,0,48,11272,151,15695,,,,
1416329667.06343,public,partsupp,3,24000000,0,0,8000000,0,0,0,8000000,0,340611,954509,0,0,,,,
1416329667.06343,pg_toast,pg_toast_2619,0,0,9141,30569,517,0,321,0,219,16,3053,12252,123,10677,,,,
1416329667.06343,pg_catalog,pg_authid,64,64,4588,4588,0,0,0,0,0,0,27,4625,134,9042,,,,
1416329667.06343,pg_catalog,pg_default_acl,0,0,308,0,0,0,0,0,0,0,0,0,32,276,,,,
1416329667.06343,pg_catalog,pg_shdepend,0,0,435,77,0,0,0,0,0,0,35,42,133,456,,,,
1416329667.06343,pg_catalog,pg_constraint,0,0,32,16,16,0,16,0,8,16,8,88,16,160,0,0,0,0
1416329667.06343,information_schema,sql_implementation_info,0,0,,,0,0,0,0,0,0,0,0,,,0,0,0,0
1416329667.06343,pg_catalog,pg_index,380,31594,28691,39362,72,0,75,0,140,38,305,39923,175,32584,,,,
1416329667.06343,pg_catalog,pg_ts_dict,0,0,0,0,0,0,0,0,0,0,0,0,0,0,,,,
1416329667.06343,pg_toast,pg_toast_2604,0,0,0,0,0,0,0,0,0,0,0,0,0,0,,,,
1416329667.06343,pg_toast,pg_toast_12325,0,0,0,0,0,0,0,0,0,0,0,0,0,0,,,,
1416329667.06343,information_schema,sql_sizing,0,0,,,0,0,0,0,0,0,0,0,,,0,0,0,0
1416329667.06343,pg_catalog,pg_proc,0,0,20099,29755,0,0,0,0,0,0,1699,20104,841,43634,0,0,0,0
1416329727.06615,pg_catalog,pg_attrdef,0,0,0,0,0,0,0,0,0,0,0,0,0,0,0,0,0,0
1416329727.06615,pg_catalog,pg_db_role_setting,0,0,10828,0,0,0,0,0,0,0,0,0,28,10800,0,0,0,0
1416329727.06615,pg_catalog,pg_rowsecurity,0,0,0,0,0,0,0,0,0,0,0,0,0,0,,,,
1416329727.06615,pg_catalog,pg_description,0,0,358,0,0,0,0,0,0,0,0,0,93,700,0,0,0,0
1416329727.06615,public,time_statistics,0,0,,,1,0,0,0,1,0,1,0,,,,,,
1416329727.06615,pg_catalog,pg_foreign_data_wrapper,0,0,0,0,0,0,0,0,0,0,0,0,0,0,,,,
1416329727.06615,pg_catalog,pg_conversion,0,0,0,0,0,0,0,0,0,0,0,0,0,0,,,,
1416329727.06615,pg_catalog,pg_class,1389,315382,58565,53645,150,38,152,36,335,107,623,69455,500,122717,,,,
1416329727.06615,pg_catalog,pg_opfamily,0,0,0,0,0,0,0,0,0,0,0,0,0,0,,,,
1416329727.06615,public,region,2,10,0,0,5,0,0,0,5,0,1,3,0,0,,,,
1416329727.06615,pg_catalog,pg_auth_members,0,0,0,0,0,0,0,0,0,0,0,0,0,0,,,,
1416329727.06615,pg_catalog,pg_operator,0,0,17208,89759,0,0,0,0,0,0,474,62121,414,37357,,,,
1416329727.06615,pg_toast,pg_toast_12345,0,0,0,0,0,0,0,0,0,0,0,0,0,0,,,,
1416329727.06615,pg_catalog,pg_attribute,242,1650,47795,108382,579,20,584,20,2509,419,1741,54017,410,100349,,,,
1416329727.06615,pg_catalog,pg_tablespace,0,0,1616,1616,0,0,0,0,0,0,50,1566,104,3136,,,,
1416329727.06615,pg_catalog,pg_statistic,0,0,12741,12248,132,322,151,296,448,78,1394,11776,150,27319,3053,12256,123,10685
1416329727.06615,pg_catalog,pg_aggregate,0,0,1195,1195,0,0,0,0,0,0,94,1101,213,1870,,,,
1416329727.06615,pg_catalog,pg_inherits,0,0,77,0,0,0,0,0,0,0,0,0,33,44,,,,
1416329727.06615,pg_catalog,pg_enum,0,0,0,0,0,0,0,0,0,0,0,0,0,0,,,,
1416329727.06615,pg_toast,pg_toast_2396,0,0,0,0,0,0,0,0,0,0,0,0,0,0,,,,
1416329727.06615,pg_catalog,pg_pltemplate,0,0,0,0,0,0,0,0,0,0,0,0,0,0,,,,
1416329727.06615,pg_toast,pg_toast_2618,0,0,264,842,0,0,0,0,0,0,129,194,36,390,,,,
1416329727.06615,public,customer,6,9000000,0,0,1500000,0,0,0,1500000,0,68533,294857,0,0,,,,
1416329727.06615,pg_toast,pg_toast_3596,0,0,0,0,0,0,0,0,0,0,0,0,0,0,,,,
1416329727.06615,pg_toast,pg_toast_2606,0,0,0,0,0,0,0,0,0,0,0,0,0,0,,,,
1416329727.06615,pg_toast,pg_toast_2964,0,0,0,0,0,0,0,0,0,0,0,0,0,0,,,,
1416329727.06615,pg_toast,pg_toast_12330,0,0,0,0,0,0,0,0,0,0,0,0,0,0,,,,
1416329727.06615,pg_catalog,pg_database,474,1854,9031,9031,0,0,0,0,0,0,19,9486,127,14311,,,,
1416329727.06615,information_schema,sql_sizing_profiles,0,0,,,0,0,0,0,0,0,0,0,,,0,0,0,0
1416329727.06615,pg_toast,pg_toast_2620,0,0,0,0,0,0,0,0,0,0,0,0,0,0,,,,
1416329727.06615,pg_catalog,pg_depend,0,0,3257,3502,593,0,598,0,6680,909,510,4258,755,8512,,,,
1416329727.06615,pg_catalog,pg_language,0,0,0,0,0,0,0,0,0,0,0,0,0,0,,,,
1416329727.06615,public,part,6,12000000,0,0,2000000,0,0,0,2000000,0,79007,327715,0,0,,,,
1416329727.06615,pg_toast,pg_toast_12320,0,0,0,0,0,0,0,0,0,0,0,0,0,0,,,,
1416329727.06615,pg_catalog,pg_amproc,44,88,10149,16021,0,0,0,0,0,0,60,9993,89,22708,,,,
1416329727.06615,pg_catalog,pg_collation,0,0,0,0,0,0,0,0,0,0,0,0,0,0,,,,
1416329727.06615,public,nation,2,50,0,0,25,0,0,0,25,0,1,3,0,0,,,,
1416329727.06615,pg_catalog,pg_range,0,0,533,0,0,0,0,0,0,0,0,0,204,862,,,,
1416329727.06615,pg_toast,pg_toast_2609,0,0,0,0,0,0,0,0,0,0,0,0,0,0,,,,
1416329727.06615,pg_catalog,pg_opclass,44,44,13913,155604,0,0,0,0,0,0,93,61612,207,17192,,,,
1416329727.06615,information_schema,sql_packages,0,0,,,0,0,0,0,0,0,0,0,,,0,0,0,0
1416329727.06615,pg_catalog,pg_rewrite,0,0,595,481,38,0,38,0,111,8,300,557,124,892,129,194,72,780
1416329727.06615,pg_toast,pg_toast_1255,0,0,0,0,0,0,0,0,0,0,0,0,0,0,,,,
1416329727.06615,pg_catalog,pg_seclabel,0,0,358,0,0,0,0,0,0,0,0,0,30,328,0,0,0,0
1416329727.06615,pg_toast,pg_toast_12335,0,0,0,0,0,0,0,0,0,0,0,0,0,0,,,,
1416329727.06615,pg_catalog,pg_ts_parser,0,0,0,0,0,0,0,0,0,0,0,0,0,0,,,,
1416329727.06615,pg_catalog,pg_trigger,0,0,0,0,0,0,0,0,0,0,0,0,0,0,0,0,0,0
1416329727.06615,public,orders,4,60000000,0,0,15000000,0,0,0,15000000,0,504554,1558780,0,0,,,,
1416329727.06615,pg_toast,pg_toast_12340,0,0,0,0,0,0,0,0,0,0,0,0,0,0,,,,
1416329727.06615,pg_catalog,pg_shseclabel,0,0,0,0,0,0,0,0,0,0,0,0,0,0,,,,
1416329727.06615,pg_catalog,pg_event_trigger,0,0,151,0,0,0,0,0,0,0,0,0,35,116,,,,
1416329727.06615,information_schema,sql_features,0,0,,,0,0,0,0,0,0,0,0,,,0,0,0,0
1416329727.06615,information_schema,sql_languages,0,0,,,0,0,0,0,0,0,0,0,,,0,0,0,0
1416329727.06615,pg_catalog,pg_foreign_table,0,0,0,0,0,0,0,0,0,0,0,0,0,0,,,,
1416329727.06615,public,supplier,4,400000,0,0,100000,0,0,0,100000,0,2312,15648,0,0,,,,
1416329727.06615,pg_catalog,pg_extension,0,0,0,0,0,0,0,0,0,0,0,0,0,0,,,,
1416329727.06615,pg_catalog,pg_ts_config,0,0,0,0,0,0,0,0,0,0,0,0,0,0,,,,
1416329727.06615,pg_catalog,pg_shdescription,0,0,0,0,0,0,0,0,0,0,0,0,0,0,0,0,0,0
1416329727.06615,pg_catalog,pg_cast,0,0,76072,18095,0,0,0,0,0,0,94,18001,60,78209,,,,
1416329727.06615,pg_catalog,pg_amop,0,0,20306,29461,0,0,0,0,0,0,136,29325,324,42981,,,,
1416329727.06615,pg_catalog,pg_user_mapping,0,0,0,0,0,0,0,0,0,0,0,0,0,0,,,,
1416329727.06615,public,lineitem,7,419902364,0,0,59986052,0,0,0,59986052,0,6569164,4262320,0,0,,,,
1416329727.06615,pg_toast,pg_toast_12315,0,0,0,0,0,0,0,0,0,0,0,0,0,0,,,,
1416329727.06615,pg_catalog,pg_type,0,0,53594,53038,152,0,152,0,360,91,366,53354,539,110234,,,,
1416329727.06615,pg_catalog,pg_largeobject,0,0,0,0,0,0,0,0,0,0,0,0,0,0,,,,
1416329727.06615,information_schema,sql_parts,0,0,,,0,0,0,0,0,0,0,0,,,0,0,0,0
1416329727.06615,pg_catalog,pg_ts_config_map,0,0,0,0,0,0,0,0,0,0,0,0,0,0,,,,
1416329727.06615,pg_catalog,pg_largeobject_metadata,0,0,0,0,0,0,0,0,0,0,0,0,0,0,,,,
1416329727.06615,pg_catalog,pg_am,2572,2572,0,0,0,0,0,0,0,0,33,2539,0,0,,,,
1416329727.06615,pg_catalog,pg_ts_template,0,0,0,0,0,0,0,0,0,0,0,0,0,0,,,,
1416329727.06615,pg_catalog,pg_foreign_server,0,0,0,0,0,0,0,0,0,0,0,0,0,0,,,,
1416329727.06615,pg_catalog,pg_namespace,110,9240,13541,11260,0,0,0,0,0,0,48,11432,151,15870,,,,
1416329727.06615,public,partsupp,3,24000000,0,0,8000000,0,0,0,8000000,0,340611,954509,0,0,,,,
1416329727.06615,pg_toast,pg_toast_2619,0,0,9145,30577,517,0,321,0,219,16,3053,12256,123,10685,,,,
1416329727.06615,pg_catalog,pg_authid,65,65,4598,4598,0,0,0,0,0,0,27,4636,134,9062,,,,
1416329727.06615,pg_catalog,pg_default_acl,0,0,308,0,0,0,0,0,0,0,0,0,32,276,,,,
1416329727.06615,pg_catalog,pg_shdepend,0,0,435,77,0,0,0,0,0,0,35,42,133,456,,,,
1416329727.06615,pg_catalog,pg_constraint,0,0,32,16,16,0,16,0,8,16,8,88,16,160,0,0,0,0
1416329727.06615,information_schema,sql_implementation_info,0,0,,,0,0,0,0,0,0,0,0,,,0,0,0,0
1416329727.06615,pg_catalog,pg_index,385,32294,28754,39447,73,0,75,0,141,38,305,40025,175,32663,,,,
1416329727.06615,pg_catalog,pg_ts_dict,0,0,0,0,0,0,0,0,0,0,0,0,0,0,,,,
1416329727.06615,pg_toast,pg_toast_2604,0,0,0,0,0,0,0,0,0,0,0,0,0,0,,,,
1416329727.06615,pg_toast,pg_toast_12325,0,0,0,0,0,0,0,0,0,0,0,0,0,0,,,,
1416329727.06615,information_schema,sql_sizing,0,0,,,0,0,0,0,0,0,0,0,,,0,0,0,0
1416329727.06615,pg_catalog,pg_proc,0,0,20189,29894,0,0,0,0,0,0,1699,20222,841,43828,0,0,0,0
